id1	id2	degree	pred_rel	prob	known_rel	ibd1	ibd2	n	h1	h2	1st	FS	PO	2nd	GPAV	HS	AV	GP	PHS	MHS	3rd	HAV	GGP	CO	PGP	MGP	3rd+	DCO	DHAV	COHCO	2nd+	HSCO	HSHCO	4th	HCO	4th+	DHCO
578_1523	600_1558	1st	FS	1.0	unknown	448.78184945596024	2036.1419181950869	271.0	0.6282309263877552	0.642743063264912	1.0	1.0	7.205779929974288e-160	2.7323964710616706e-139	4.239120214079969e-148	2.7323964668225503e-139	4.239120214079969e-148	6.483430851786046e-249	5.311043832145647e-233	2.7323964668225503e-139	1.7213776888450857e-138	0.0	0.0	0.0	3.665159689241233e-307	6.483430851786046e-249	0.0	0.0	0.0	0.0	0.0	0.0	0.0	0.0	0.0	0.0	0.0
218_752	600_1558	1st	FS	1.0	unknown	501.18911336643356	2034.7084535439108	282.0	0.6292173386309405	0.6418756851700037	1.0	1.0	3.1382140171631457e-159	2.6505238815421957e-139	1.3725210581590745e-148	2.650523880169675e-139	1.3725210581590745e-148	3.138919501117552e-254	1.5054780151079162e-237	2.650523880169675e-139	7.627692914925231e-139	0.0	0.0	0.0	3.958422043e-315	3.138919501117552e-254	0.0	0.0	0.0	0.0	0.0	0.0	0.0	0.0	0.0	0.0	0.0
192_613	600_1558	1st	FS	1.0	unknown	528.3975322036642	1961.2776925842597	271.0	0.662352111597985	0.6375668539361159	1.0	1.0	1.5863855131626672e-152	1.7339628299977536e-132	2.66771208066422e-141	1.7339628273300417e-132	2.66771208066422e-141	4.0050081138883505e-242	3.307015160113572e-226	1.7339628273300417e-132	5.665388658121018e-132	0.0	0.0	0.0	2.240060209609919e-300	4.0050081138883505e-242	0.0	0.0	0.0	0.0	0.0	0.0	0.0	0.0	0.0	0.0	0.0
358_1094	780_2710	1st	FS	1.0	unknown	0.0	4083.9593172770706	22.0			1.0	1.0	0.0	0.0	0.0	0.0	0.0	0.0	0.0	0.0	0.0	0.0	0.0	0.0	0.0	0.0	0.0	0.0	0.0	0.0	0.0	0.0	0.0	0.0	0.0	0.0	0.0
192_613	578_1523	1st	FS	1.0	unknown	485.03265513365506	2091.7859198606657	279.0	0.6627293027997366	0.6568993195193104	1.0	1.0	2.1617388796389457e-164	1.292498328363859e-144	8.197242318439992e-154	1.2924983275441345e-144	8.197242318439992e-154	3.1322718632535356e-258	1.017013292269299e-241	1.2924983275441345e-144	3.1245619581876767e-144	0.0	0.0	0.0	1.84633e-318	3.1322718632535356e-258	0.0	0.0	0.0	0.0	0.0	0.0	0.0	0.0	0.0	0.0	0.0
315_1007	317_1010	1st	FS	1.0	unknown	0.0	4084.2138134076727	22.0			1.0	1.0	0.0	0.0	0.0	0.0	0.0	0.0	0.0	0.0	0.0	0.0	0.0	0.0	0.0	0.0	0.0	0.0	0.0	0.0	0.0	0.0	0.0	0.0	0.0	0.0	0.0
502_1410	52_141	1st	FS	1.0	unknown	0.0	4082.7803363836038	22.0			1.0	1.0	0.0	0.0	0.0	0.0	0.0	0.0	0.0	0.0	0.0	0.0	0.0	0.0	0.0	0.0	0.0	0.0	0.0	0.0	0.0	0.0	0.0	0.0	0.0	0.0	0.0
700_1868	780_2710	1st	FS	1.0	unknown	0.0	4082.584208159905	22.0			1.0	1.0	0.0	0.0	0.0	0.0	0.0	0.0	0.0	0.0	0.0	0.0	0.0	0.0	0.0	0.0	0.0	0.0	0.0	0.0	0.0	0.0	0.0	0.0	0.0	0.0	0.0
901_3564	936_4213	1st	FS	1.0	unknown	1938.2646547964553	692.6505946922344	101.0	0.7988616812093208	0.7468146834435813	1.0	1.0	1.670719689265528e-27	2.1924265549054875e-17	1.5118133720555509e-19	2.1773084211849322e-17	1.5118133720555509e-19	2.2462308325714243e-47	1.2097642473552408e-42	2.1773084211849322e-17	4.203511105749982e-22	0.0	0.0	0.0	1.4857422891562067e-65	2.2462308325714243e-47	0.0	0.0	0.0	0.0	0.0	0.0	0.0	0.0	0.0	0.0	0.0
318_1011	52_141	1st	FS	1.0	unknown	0.0	4079.5990068065516	24.0			1.0	1.0	0.0	0.0	0.0	0.0	0.0	0.0	0.0	0.0	0.0	0.0	0.0	0.0	0.0	0.0	0.0	0.0	0.0	0.0	0.0	0.0	0.0	0.0	0.0	0.0	0.0
627_1605	63_159	1st	FS	1.0	unknown	0.0	4082.661041926189	23.0			1.0	1.0	0.0	0.0	0.0	0.0	0.0	0.0	0.0	0.0	0.0	0.0	0.0	0.0	0.0	0.0	0.0	0.0	0.0	0.0	0.0	0.0	0.0	0.0	0.0	0.0	0.0
377_1157	879_3408	1st	FS	1.0	unknown	0.0	4083.643761319795	22.0			1.0	1.0	0.0	0.0	0.0	0.0	0.0	0.0	0.0	0.0	0.0	0.0	0.0	0.0	0.0	0.0	0.0	0.0	0.0	0.0	0.0	0.0	0.0	0.0	0.0	0.0	0.0
317_1010	52_141	1st	FS	1.0	unknown	0.0	4083.897273158432	22.0			1.0	1.0	0.0	0.0	0.0	0.0	0.0	0.0	0.0	0.0	0.0	0.0	0.0	0.0	0.0	0.0	0.0	0.0	0.0	0.0	0.0	0.0	0.0	0.0	0.0	0.0	0.0
502_1410	685_1780	1st	FS	1.0	unknown	0.0	4083.355074212602	22.0			1.0	1.0	0.0	0.0	0.0	0.0	0.0	0.0	0.0	0.0	0.0	0.0	0.0	0.0	0.0	0.0	0.0	0.0	0.0	0.0	0.0	0.0	0.0	0.0	0.0	0.0	0.0
844_3194	927_4183	1st	FS	1.0	unknown	2174.4983926021587	712.8367958312363	103.0	0.7903681824820261	0.7229435969897333	1.0	1.0	5.8513800943131745e-27	6.027465281974243e-20	2.210581582595879e-22	6.005359466148284e-20	2.210581582595879e-22	1.6582394627048524e-51	1.863385624547386e-46	6.005359466148284e-20	2.779856126632223e-26	0.0	0.0	0.0	2.0754533938197507e-70	1.6582394627048524e-51	0.0	0.0	0.0	0.0	0.0	0.0	0.0	0.0	0.0	0.0	0.0
435_1295	600_1558	1st	FS	1.0	unknown	554.9748260095489	1940.0784663008337	273.0	0.6423797850478946	0.6193282629633778	1.0	1.0	2.0851702595913825e-150	1.4253640952626569e-130	1.8086503164063875e-139	1.4253640934540067e-130	1.8086503164063875e-139	3.6567895621587264e-241	4.1366702987910403e-225	1.4253640934540067e-130	3.637789130581838e-130	0.0	0.0	0.0	6.799059548391348e-300	3.6567895621587264e-241	0.0	0.0	0.0	0.0	0.0	0.0	0.0	0.0	0.0	0.0	0.0
137_355	435_1295	1st	FS	1.0	unknown	515.3757177211814	2092.372824012935	278.0	0.6645939254734555	0.6278962911287272	1.0	1.0	3.8068770445078966e-164	9.349532762502224e-145	6.154016217820741e-154	9.349532756348209e-145	6.154016217820741e-154	5.618856188558421e-258	1.6490036316581785e-241	9.349532756348209e-145	1.4210809242522542e-144	0.0	0.0	0.0	5.326957e-318	5.618856188558421e-258	0.0	0.0	0.0	0.0	0.0	0.0	0.0	0.0	0.0	0.0	0.0
61_156	780_2710	1st	FS	1.0	unknown	0.0	4079.4713076650823	22.0			1.0	1.0	0.0	0.0	0.0	0.0	0.0	0.0	0.0	0.0	0.0	0.0	0.0	0.0	0.0	0.0	0.0	0.0	0.0	0.0	0.0	0.0	0.0	0.0	0.0	0.0	0.0
63_159	685_1780	1st	FS	1.0	unknown	0.0	4081.360134892583	23.0			1.0	1.0	0.0	0.0	0.0	0.0	0.0	0.0	0.0	0.0	0.0	0.0	0.0	0.0	0.0	0.0	0.0	0.0	0.0	0.0	0.0	0.0	0.0	0.0	0.0	0.0	0.0
377_1157	700_1868	1st	FS	1.0	unknown	0.0	4081.2761935935587	22.0			1.0	1.0	0.0	0.0	0.0	0.0	0.0	0.0	0.0	0.0	0.0	0.0	0.0	0.0	0.0	0.0	0.0	0.0	0.0	0.0	0.0	0.0	0.0	0.0	0.0	0.0	0.0
315_1007	685_1780	1st	FS	1.0	unknown	0.0	4081.7172171015873	22.0			1.0	1.0	0.0	0.0	0.0	0.0	0.0	0.0	0.0	0.0	0.0	0.0	0.0	0.0	0.0	0.0	0.0	0.0	0.0	0.0	0.0	0.0	0.0	0.0	0.0	0.0	0.0
315_1007	63_159	1st	FS	1.0	unknown	0.0	4081.519965253188	22.0			1.0	1.0	0.0	0.0	0.0	0.0	0.0	0.0	0.0	0.0	0.0	0.0	0.0	0.0	0.0	0.0	0.0	0.0	0.0	0.0	0.0	0.0	0.0	0.0	0.0	0.0	0.0
311_998	601_1559	1st	FS	1.0	unknown	1792.5990334488267	874.0201408765403	117.0	0.719967201379658	0.7429161518229326	1.0	1.0	7.880440344587628e-45	5.342700065993519e-34	8.033774194219807e-37	5.3346662917992995e-34	8.033774194219807e-37	1.3290720143596302e-71	8.774303781923041e-66	5.3346662917992995e-34	2.4579356651290536e-38	0.0	0.0	0.0	1.3326448891473176e-93	1.3290720143596302e-71	0.0	0.0	0.0	0.0	0.0	0.0	0.0	0.0	0.0	0.0	0.0
502_1410	780_2710	1st	FS	1.0	unknown	0.0	4084.9270567390304	22.0			1.0	1.0	0.0	0.0	0.0	0.0	0.0	0.0	0.0	0.0	0.0	0.0	0.0	0.0	0.0	0.0	0.0	0.0	0.0	0.0	0.0	0.0	0.0	0.0	0.0	0.0	0.0
358_1094	700_1868	1st	FS	1.0	unknown	0.0	4081.391245487942	22.0			1.0	1.0	0.0	0.0	0.0	0.0	0.0	0.0	0.0	0.0	0.0	0.0	0.0	0.0	0.0	0.0	0.0	0.0	0.0	0.0	0.0	0.0	0.0	0.0	0.0	0.0	0.0
780_2710	879_3408	1st	FS	1.0	unknown	0.0	4083.1081306280885	22.0			1.0	1.0	0.0	0.0	0.0	0.0	0.0	0.0	0.0	0.0	0.0	0.0	0.0	0.0	0.0	0.0	0.0	0.0	0.0	0.0	0.0	0.0	0.0	0.0	0.0	0.0	0.0
63_159	700_1868	1st	FS	1.0	unknown	0.0	4081.781357232557	22.0			1.0	1.0	0.0	0.0	0.0	0.0	0.0	0.0	0.0	0.0	0.0	0.0	0.0	0.0	0.0	0.0	0.0	0.0	0.0	0.0	0.0	0.0	0.0	0.0	0.0	0.0	0.0
627_1605	879_3408	1st	FS	1.0	unknown	0.0	4083.1005037752357	22.0			1.0	1.0	0.0	0.0	0.0	0.0	0.0	0.0	0.0	0.0	0.0	0.0	0.0	0.0	0.0	0.0	0.0	0.0	0.0	0.0	0.0	0.0	0.0	0.0	0.0	0.0	0.0
137_355	623_1600	1st	FS	1.0	unknown	540.584594858766	2058.064572917277	273.0	0.6608942040097994	0.6243916151761795	1.0	1.0	6.840436589642602e-161	1.3182105448071527e-141	1.3938202493425903e-150	1.3182105434133324e-141	1.3938202493425903e-150	1.8798257384020098e-252	2.529638557866621e-236	1.3182105434133324e-141	1.759311180535082e-141	0.0	0.0	0.0	2.770008311595e-311	1.8798257384020098e-252	0.0	0.0	0.0	0.0	0.0	0.0	0.0	0.0	0.0	0.0	0.0
101_228	390_1188	1st	FS	1.0	unknown	2118.5950604754685	712.5887152270334	123.0	0.7326491145911208	0.7194099303610149	1.0	1.0	1.7435028378042853e-27	9.141941788651199e-20	5.94389409550996e-23	9.135997894555688e-20	5.94389409550996e-23	1.3446522464895283e-60	2.9271569891617265e-54	9.135997894555688e-20	9.852887819271046e-26	0.0	0.0	0.0	3.5494700245771086e-84	1.3446522464895283e-60	0.0	0.0	0.0	0.0	0.0	0.0	0.0	0.0	0.0	0.0	0.0
502_1410	598_1556	1st	FS	1.0	unknown	0.0	4085.7291307370347	22.0			1.0	1.0	0.0	0.0	0.0	0.0	0.0	0.0	0.0	0.0	0.0	0.0	0.0	0.0	0.0	0.0	0.0	0.0	0.0	0.0	0.0	0.0	0.0	0.0	0.0	0.0	0.0
315_1007	377_1157	1st	FS	1.0	unknown	0.0	4083.5695328083702	22.0			1.0	1.0	0.0	0.0	0.0	0.0	0.0	0.0	0.0	0.0	0.0	0.0	0.0	0.0	0.0	0.0	0.0	0.0	0.0	0.0	0.0	0.0	0.0	0.0	0.0	0.0	0.0
315_1007	52_141	1st	FS	1.0	unknown	0.0	4079.9545610610717	23.0			1.0	1.0	0.0	0.0	0.0	0.0	0.0	0.0	0.0	0.0	0.0	0.0	0.0	0.0	0.0	0.0	0.0	0.0	0.0	0.0	0.0	0.0	0.0	0.0	0.0	0.0	0.0
54_143	661_1683	1st	FS	1.0	unknown	1766.1743683265559	1060.4959345584302	203.0	0.615047342520998	0.6229030643063196	1.0	1.0	1.9523224388213933e-61	1.9911883507381613e-51	8.58104946099977e-58	1.9911874926332152e-51	8.58104946099977e-58	6.793711131338722e-130	3.0118489704656177e-118	1.9911874926332152e-51	3.47656805032275e-56	0.0	0.0	0.0	2.1650385378323933e-172	6.793711131338722e-130	0.0	0.0	0.0	0.0	0.0	0.0	0.0	0.0	0.0	0.0	0.0
52_141	598_1556	1st	FS	1.0	unknown	0.0	4082.770545057393	22.0			1.0	1.0	0.0	0.0	0.0	0.0	0.0	0.0	0.0	0.0	0.0	0.0	0.0	0.0	0.0	0.0	0.0	0.0	0.0	0.0	0.0	0.0	0.0	0.0	0.0	0.0	0.0
192_613	435_1295	1st	FS	1.0	unknown	477.81774476192123	2154.3995631081607	273.0	0.6403819371898379	0.651081943251985	1.0	1.0	5.9591738186141814e-170	1.7975308004261906e-150	1.7915666593809112e-159	1.797530798634624e-150	1.7915666593809112e-159	2.119181635312782e-261	3.016738336074326e-245	1.797530798634624e-150	3.060858438755451e-150	0.0	0.0	0.0	2.896e-320	2.119181635312782e-261	0.0	0.0	0.0	0.0	0.0	0.0	0.0	0.0	0.0	0.0	0.0
52_141	700_1868	1st	FS	1.0	unknown	0.0	4079.618749512047	23.0			1.0	1.0	0.0	0.0	0.0	0.0	0.0	0.0	0.0	0.0	0.0	0.0	0.0	0.0	0.0	0.0	0.0	0.0	0.0	0.0	0.0	0.0	0.0	0.0	0.0	0.0	0.0
685_1780	879_3408	1st	FS	1.0	unknown	0.0	4083.299079913837	22.0			1.0	1.0	0.0	0.0	0.0	0.0	0.0	0.0	0.0	0.0	0.0	0.0	0.0	0.0	0.0	0.0	0.0	0.0	0.0	0.0	0.0	0.0	0.0	0.0	0.0	0.0	0.0
598_1556	63_159	1st	FS	1.0	unknown	0.0	4082.9327971382027	22.0			1.0	1.0	0.0	0.0	0.0	0.0	0.0	0.0	0.0	0.0	0.0	0.0	0.0	0.0	0.0	0.0	0.0	0.0	0.0	0.0	0.0	0.0	0.0	0.0	0.0	0.0	0.0
377_1157	502_1410	1st	FS	1.0	unknown	0.0	4082.3162559237403	22.0			1.0	1.0	0.0	0.0	0.0	0.0	0.0	0.0	0.0	0.0	0.0	0.0	0.0	0.0	0.0	0.0	0.0	0.0	0.0	0.0	0.0	0.0	0.0	0.0	0.0	0.0	0.0
747_2284	75_176	1st	FS	1.0	unknown	1709.123043171482	1091.7451097872092	91.0	0.7043635463870779	0.7634408407610561	1.0	1.0	9.82435416373599e-65	3.3637999048127646e-54	4.2727459349809785e-56	3.3210724454629554e-54	4.2727459349809785e-56	6.639788888692938e-80	1.0305256666185281e-75	3.3210724454629554e-54	1.1082028636388298e-58	0.0	0.0	0.0	6.955004216763555e-96	6.639788888692937e-80	0.0	0.0	0.0	0.0	0.0	0.0	0.0	0.0	0.0	0.0	0.0
358_1094	627_1605	1st	FS	1.0	unknown	0.0	4084.0432456099193	22.0			1.0	1.0	0.0	0.0	0.0	0.0	0.0	0.0	0.0	0.0	0.0	0.0	0.0	0.0	0.0	0.0	0.0	0.0	0.0	0.0	0.0	0.0	0.0	0.0	0.0	0.0	0.0
316_1008	377_1157	1st	FS	1.0	unknown	0.0	4081.315138935697	22.0			1.0	1.0	0.0	0.0	0.0	0.0	0.0	0.0	0.0	0.0	0.0	0.0	0.0	0.0	0.0	0.0	0.0	0.0	0.0	0.0	0.0	0.0	0.0	0.0	0.0	0.0	0.0
159_493	722_2021	1st	FS	1.0	unknown	452.08638656064477	3146.653796288797	119.0	0.7075159682213966	0.6578804302240057	1.0	1.0	3.454862159200571e-257	1.553819140232433e-243	3.7746140330562595e-247	1.5534416788291275e-243	3.7746140330562595e-247	2.248072461073099e-284	9.60754174050674e-278	1.5534416788291275e-243	2.6773957157915586e-246	0.0	0.0	0.0	9.36005880345928e-308	2.248072461073099e-284	0.0	0.0	0.0	0.0	0.0	0.0	0.0	0.0	0.0	0.0	0.0
598_1556	685_1780	1st	FS	1.0	unknown	0.0	4083.7736115360035	22.0			1.0	1.0	0.0	0.0	0.0	0.0	0.0	0.0	0.0	0.0	0.0	0.0	0.0	0.0	0.0	0.0	0.0	0.0	0.0	0.0	0.0	0.0	0.0	0.0	0.0	0.0	0.0
502_1410	61_156	1st	FS	1.0	unknown	0.0	4078.9389804637735	23.0			1.0	1.0	0.0	0.0	0.0	0.0	0.0	0.0	0.0	0.0	0.0	0.0	0.0	0.0	0.0	0.0	0.0	0.0	0.0	0.0	0.0	0.0	0.0	0.0	0.0	0.0	0.0
318_1011	358_1094	1st	FS	1.0	unknown	0.0	4083.17283426153	22.0			1.0	1.0	0.0	0.0	0.0	0.0	0.0	0.0	0.0	0.0	0.0	0.0	0.0	0.0	0.0	0.0	0.0	0.0	0.0	0.0	0.0	0.0	0.0	0.0	0.0	0.0	0.0
317_1010	61_156	1st	FS	1.0	unknown	0.0	4082.83265666036	22.0			1.0	1.0	0.0	0.0	0.0	0.0	0.0	0.0	0.0	0.0	0.0	0.0	0.0	0.0	0.0	0.0	0.0	0.0	0.0	0.0	0.0	0.0	0.0	0.0	0.0	0.0	0.0
61_156	627_1605	1st	FS	1.0	unknown	0.0	4082.8037507419676	22.0			1.0	1.0	0.0	0.0	0.0	0.0	0.0	0.0	0.0	0.0	0.0	0.0	0.0	0.0	0.0	0.0	0.0	0.0	0.0	0.0	0.0	0.0	0.0	0.0	0.0	0.0	0.0
52_141	61_156	1st	FS	1.0	unknown	0.0	4081.187390176345	22.0			1.0	1.0	0.0	0.0	0.0	0.0	0.0	0.0	0.0	0.0	0.0	0.0	0.0	0.0	0.0	0.0	0.0	0.0	0.0	0.0	0.0	0.0	0.0	0.0	0.0	0.0	0.0
317_1010	780_2710	1st	FS	1.0	unknown	0.0	4084.6460846157693	22.0			1.0	1.0	0.0	0.0	0.0	0.0	0.0	0.0	0.0	0.0	0.0	0.0	0.0	0.0	0.0	0.0	0.0	0.0	0.0	0.0	0.0	0.0	0.0	0.0	0.0	0.0	0.0
358_1094	63_159	1st	FS	1.0	unknown	0.0	4083.35540094822	22.0			1.0	1.0	0.0	0.0	0.0	0.0	0.0	0.0	0.0	0.0	0.0	0.0	0.0	0.0	0.0	0.0	0.0	0.0	0.0	0.0	0.0	0.0	0.0	0.0	0.0	0.0	0.0
358_1094	52_141	1st	FS	1.0	unknown	0.0	4079.37507331327	24.0			1.0	1.0	0.0	0.0	0.0	0.0	0.0	0.0	0.0	0.0	0.0	0.0	0.0	0.0	0.0	0.0	0.0	0.0	0.0	0.0	0.0	0.0	0.0	0.0	0.0	0.0	0.0
316_1008	61_156	1st	FS	1.0	unknown	0.0	4078.8582424305755	22.0			1.0	1.0	0.0	0.0	0.0	0.0	0.0	0.0	0.0	0.0	0.0	0.0	0.0	0.0	0.0	0.0	0.0	0.0	0.0	0.0	0.0	0.0	0.0	0.0	0.0	0.0	0.0
61_156	879_3408	1st	FS	1.0	unknown	0.0	4081.3456379115823	22.0			1.0	1.0	0.0	0.0	0.0	0.0	0.0	0.0	0.0	0.0	0.0	0.0	0.0	0.0	0.0	0.0	0.0	0.0	0.0	0.0	0.0	0.0	0.0	0.0	0.0	0.0	0.0
192_613	623_1600	1st	FS	1.0	unknown	475.9337370880786	2142.0319628381794	281.0	0.6632459128186644	0.6351767071129675	1.0	1.0	6.933010938487762e-169	2.6354006496291603e-149	1.2943923291137369e-158	2.635400648334768e-149	1.2943923291137369e-158	5.791982831670664e-264	2.7355386512028967e-247	2.635400648334768e-149	5.0564888850233376e-149	0.0	0.0	0.0	0.0	5.791982831670664e-264	0.0	0.0	0.0	0.0	0.0	0.0	0.0	0.0	0.0	0.0	0.0
317_1010	318_1011	1st	FS	1.0	unknown	0.0	4082.2571125945306	23.0			1.0	1.0	0.0	0.0	0.0	0.0	0.0	0.0	0.0	0.0	0.0	0.0	0.0	0.0	0.0	0.0	0.0	0.0	0.0	0.0	0.0	0.0	0.0	0.0	0.0	0.0	0.0
411_1222	547_1473	1st	FS	1.0	unknown	1727.4475716287084	1113.7316693015432	97.0	0.8091413354747558	0.6708187434474205	1.0	1.0	1.7553841876062244e-66	2.5789510554989573e-56	1.7716660845034193e-58	2.561234394653923e-56	1.7716660845034193e-58	6.118375077253062e-85	2.542666330415306e-80	2.561234394653923e-56	5.477012880221039e-61	0.0	0.0	0.0	2.22992018291502e-102	6.118375077253062e-85	0.0	0.0	0.0	0.0	0.0	0.0	0.0	0.0	0.0	0.0	0.0
354_1090	617_1588	1st	FS	1.0	unknown	1760.4705549964133	1368.9889549178667	101.0	0.7780468526563794	0.8195876168185265	1.0	1.0	1.5524989664495838e-88	2.286417201034143e-80	2.2115701605505235e-80	7.48470404836192e-82	2.2115701605505235e-80	4.682434313306629e-109	5.680701076245232e-108	7.48470404836192e-82	4.5183673387693816e-86	0.0	0.0	0.0	1.0115309921623633e-127	4.682434313306629e-109	0.0	0.0	0.0	0.0	0.0	0.0	0.0	0.0	0.0	0.0	0.0
358_1094	502_1410	1st	FS	1.0	unknown	0.0	4083.669166885997	22.0			1.0	1.0	0.0	0.0	0.0	0.0	0.0	0.0	0.0	0.0	0.0	0.0	0.0	0.0	0.0	0.0	0.0	0.0	0.0	0.0	0.0	0.0	0.0	0.0	0.0	0.0	0.0
63_159	780_2710	1st	FS	1.0	unknown	0.0	4081.5771512731053	23.0			1.0	1.0	0.0	0.0	0.0	0.0	0.0	0.0	0.0	0.0	0.0	0.0	0.0	0.0	0.0	0.0	0.0	0.0	0.0	0.0	0.0	0.0	0.0	0.0	0.0	0.0	0.0
218_752	623_1600	1st	FS	1.0	unknown	518.3669712705189	1978.3103366961486	285.0	0.6632248416734027	0.6616999988221973	1.0	1.0	4.064549026672136e-154	4.662168359555106e-134	1.96527988349131e-143	4.662168357589826e-134	1.96527988349131e-143	2.6721962749908005e-250	1.8985731803918869e-233	4.662168357589826e-134	1.5648205769980293e-133	0.0	0.0	0.0	7.181992223095e-312	2.6721962749908005e-250	0.0	0.0	0.0	0.0	0.0	0.0	0.0	0.0	0.0	0.0	0.0
700_1868	879_3408	1st	FS	1.0	unknown	0.0	4080.762137333429	22.0			1.0	1.0	0.0	0.0	0.0	0.0	0.0	0.0	0.0	0.0	0.0	0.0	0.0	0.0	0.0	0.0	0.0	0.0	0.0	0.0	0.0	0.0	0.0	0.0	0.0	0.0	0.0
61_156	685_1780	1st	FS	1.0	unknown	0.0	4079.8276105717905	22.0			1.0	1.0	0.0	0.0	0.0	0.0	0.0	0.0	0.0	0.0	0.0	0.0	0.0	0.0	0.0	0.0	0.0	0.0	0.0	0.0	0.0	0.0	0.0	0.0	0.0	0.0	0.0
317_1010	63_159	1st	FS	1.0	unknown	0.0	4081.670969361502	22.0			1.0	1.0	0.0	0.0	0.0	0.0	0.0	0.0	0.0	0.0	0.0	0.0	0.0	0.0	0.0	0.0	0.0	0.0	0.0	0.0	0.0	0.0	0.0	0.0	0.0	0.0	0.0
598_1556	780_2710	1st	FS	1.0	unknown	0.0	4085.0404852298884	22.0			1.0	1.0	0.0	0.0	0.0	0.0	0.0	0.0	0.0	0.0	0.0	0.0	0.0	0.0	0.0	0.0	0.0	0.0	0.0	0.0	0.0	0.0	0.0	0.0	0.0	0.0	0.0
377_1157	780_2710	1st	FS	1.0	unknown	0.0	4080.421966219966	22.0			1.0	1.0	0.0	0.0	0.0	0.0	0.0	0.0	0.0	0.0	0.0	0.0	0.0	0.0	0.0	0.0	0.0	0.0	0.0	0.0	0.0	0.0	0.0	0.0	0.0	0.0	0.0
436_1297	683_1774	1st	FS	1.0	unknown	1990.2261817581093	814.0536712487785	114.0	0.7019468766843714	0.7733080487123668	1.0	1.0	1.2280869125506176e-37	6.297673700491376e-29	9.781449552289349e-32	6.287892250939087e-29	9.781449552289349e-32	1.8525298215835605e-65	9.736497772608402e-60	6.287892250939087e-29	2.253303628247857e-34	0.0	0.0	0.0	6.987738172094028e-87	1.8525298215835605e-65	0.0	0.0	0.0	0.0	0.0	0.0	0.0	0.0	0.0	0.0	0.0
454_1327	751_2342	1st	FS	1.0	unknown	1751.66168751458	745.3909430402803	97.0	0.7510528659358384	0.7545876510384315	1.0	1.0	5.911226694669074e-34	8.254441772171913e-22	1.0333787871832957e-23	8.151103893453583e-22	1.0333787871832957e-23	1.3696324736102021e-49	3.1976113731611726e-45	8.151103893453583e-22	1.8157186892349474e-25	0.0	0.0	0.0	1.0807178832089589e-66	1.3696324736102021e-49	0.0	0.0	0.0	0.0	0.0	0.0	0.0	0.0	0.0	0.0	0.0
75_176	789_2863	1st	FS	1.0	unknown	1752.3952998816685	954.1038273165332	105.0	0.710764930574327	0.6583315626117889	1.0	1.0	3.036075293582354e-52	2.1097455674458765e-41	8.852699362831764e-44	2.1008928680830447e-41	8.852699362831764e-44	1.8516582430412597e-73	2.0865109437947857e-68	2.1008928680830447e-41	9.913015672782113e-46	0.0	0.0	0.0	1.1701483765239043e-92	1.8516582430412597e-73	0.0	0.0	0.0	0.0	0.0	0.0	0.0	0.0	0.0	0.0	0.0
316_1008	879_3408	1st	FS	1.0	unknown	0.0	4082.7915684458344	22.0			1.0	1.0	0.0	0.0	0.0	0.0	0.0	0.0	0.0	0.0	0.0	0.0	0.0	0.0	0.0	0.0	0.0	0.0	0.0	0.0	0.0	0.0	0.0	0.0	0.0	0.0	0.0
578_1523	623_1600	1st	FS	1.0	unknown	419.49364973595124	2124.81159666208	268.0	0.6881286272000656	0.6654297178600499	1.0	1.0	6.275994592670027e-168	1.5715604706481803e-147	2.890674486781669e-156	1.5715604677575058e-147	2.890674486781669e-156	6.872672877569887e-256	3.9310437245825863e-240	1.5715604677575058e-147	8.046837841183578e-147	0.0	0.0	0.0	1.7423116855e-313	6.872672877569887e-256	0.0	0.0	0.0	0.0	0.0	0.0	0.0	0.0	0.0	0.0	0.0
315_1007	318_1011	1st	FS	1.0	unknown	0.0	4084.81792753476	22.0			1.0	1.0	0.0	0.0	0.0	0.0	0.0	0.0	0.0	0.0	0.0	0.0	0.0	0.0	0.0	0.0	0.0	0.0	0.0	0.0	0.0	0.0	0.0	0.0	0.0	0.0	0.0
316_1008	780_2710	1st	FS	1.0	unknown	0.0	4082.9740097159265	22.0			1.0	1.0	0.0	0.0	0.0	0.0	0.0	0.0	0.0	0.0	0.0	0.0	0.0	0.0	0.0	0.0	0.0	0.0	0.0	0.0	0.0	0.0	0.0	0.0	0.0	0.0	0.0
576_1519	885_3463	1st	FS	1.0	unknown	1901.2236357586412	756.1592405376956	101.0	0.7758961652314357	0.7388793177321284	1.0	1.0	1.961891435610574e-33	3.049705716790732e-23	2.007848510751329e-25	3.029627231683219e-23	2.007848510751329e-25	2.690068383061921e-53	1.514505995059252e-48	3.029627231683219e-23	6.429184600483299e-28	0.0	0.0	0.0	1.6766860208984045e-71	2.690068383061921e-53	0.0	0.0	0.0	0.0	0.0	0.0	0.0	0.0	0.0	0.0	0.0
218_752	578_1523	1st	FS	1.0	unknown	458.88121081850494	2098.468753898538	279.0	0.6549051855522253	0.6474672690084872	1.0	1.0	3.110304299506431e-165	3.613212028662559e-145	2.371463482193485e-154	3.613212026291096e-145	2.371463482193485e-154	9.778053879293981e-259	3.072923102527052e-242	3.613212026291096e-145	1.2360031424585388e-144	0.0	0.0	0.0	6.0212e-319	9.778053879293981e-259	0.0	0.0	0.0	0.0	0.0	0.0	0.0	0.0	0.0	0.0	0.0
316_1008	358_1094	1st	FS	1.0	unknown	0.0	4079.724172147214	23.0			1.0	1.0	0.0	0.0	0.0	0.0	0.0	0.0	0.0	0.0	0.0	0.0	0.0	0.0	0.0	0.0	0.0	0.0	0.0	0.0	0.0	0.0	0.0	0.0	0.0	0.0	0.0
315_1007	61_156	1st	FS	1.0	unknown	0.0	4084.06976994814	22.0			1.0	1.0	0.0	0.0	0.0	0.0	0.0	0.0	0.0	0.0	0.0	0.0	0.0	0.0	0.0	0.0	0.0	0.0	0.0	0.0	0.0	0.0	0.0	0.0	0.0	0.0	0.0
63_159	879_3408	1st	FS	1.0	unknown	0.0	4081.032258667579	23.0			1.0	1.0	0.0	0.0	0.0	0.0	0.0	0.0	0.0	0.0	0.0	0.0	0.0	0.0	0.0	0.0	0.0	0.0	0.0	0.0	0.0	0.0	0.0	0.0	0.0	0.0	0.0
377_1157	61_156	1st	FS	1.0	unknown	0.0	4082.4684338326574	22.0			1.0	1.0	0.0	0.0	0.0	0.0	0.0	0.0	0.0	0.0	0.0	0.0	0.0	0.0	0.0	0.0	0.0	0.0	0.0	0.0	0.0	0.0	0.0	0.0	0.0	0.0	0.0
889_3497	925_4178	1st	FS	1.0	unknown	410.2014612220375	3284.129411352755	110.0	0.646625681409928	0.6359244126012459	1.0	1.0	1.19270869247209e-269	2.5447141558586617e-256	1.1910775263515606e-259	2.54352307833231e-256	1.1910775263515606e-259	3.679503847887218e-293	4.661609643466353e-287	2.54352307833231e-256	3.0141446984463797e-259	0.0	0.0	0.0	1.6629052656e-314	3.679503847887218e-293	0.0	0.0	0.0	0.0	0.0	0.0	0.0	0.0	0.0	0.0	0.0
192_613	586_1535	1st	FS	1.0	unknown	553.2362804915819	1944.9061128286967	290.0	0.6445102337277493	0.6413722699327267	1.0	1.0	7.566632245314726e-151	5.077978660837801e-131	1.3505512005180645e-140	5.07797865948725e-131	1.3505512005180645e-140	1.2808292234398816e-249	1.9594190256352243e-232	5.07797865948725e-131	1.284244025019731e-130	0.0	0.0	0.0	2.25308443475e-312	1.2808292234398816e-249	0.0	0.0	0.0	0.0	0.0	0.0	0.0	0.0	0.0	0.0	0.0
909_3587	955_4272	1st	FS	1.0	unknown	411.873501803823	3422.380537306746	81.0	0.6326980780139583	0.68215490288923	1.0	1.0	9.403776100875158e-282	2.656305323548265e-269	1.3776527260274177e-271	2.642528796287991e-269	1.3776527260274177e-271	7.665891466695168e-293	1.4570432045318883e-288	2.642528796287991e-269	1.1115687320607349e-272	0.0	0.0	0.0	1.8309825740302407e-307	7.66589146669515e-293	0.0	0.0	0.0	0.0	0.0	0.0	0.0	0.0	0.0	0.0	0.0
435_1295	586_1535	1st	FS	1.0	unknown	536.7123547374947	2040.982826212252	272.0	0.6541430527947527	0.5845274471540626	1.0	1.0	1.970626131884278e-159	5.42305681989637e-140	6.520280159526698e-149	5.42305681337609e-140	6.520280159526698e-149	2.5735816289858683e-250	2.8696423764441285e-234	5.42305681337609e-140	8.700675886026527e-140	0.0	0.0	0.0	6.852670283374655e-309	2.5735816289858683e-250	0.0	0.0	0.0	0.0	0.0	0.0	0.0	0.0	0.0	0.0	0.0
317_1010	879_3408	1st	FS	1.0	unknown	0.0	4083.1388412897577	22.0			1.0	1.0	0.0	0.0	0.0	0.0	0.0	0.0	0.0	0.0	0.0	0.0	0.0	0.0	0.0	0.0	0.0	0.0	0.0	0.0	0.0	0.0	0.0	0.0	0.0	0.0	0.0
598_1556	879_3408	1st	FS	1.0	unknown	0.0	4084.1799453228386	22.0			1.0	1.0	0.0	0.0	0.0	0.0	0.0	0.0	0.0	0.0	0.0	0.0	0.0	0.0	0.0	0.0	0.0	0.0	0.0	0.0	0.0	0.0	0.0	0.0	0.0	0.0	0.0
61_156	63_159	1st	FS	1.0	unknown	0.0	4078.0852829950695	23.0			1.0	1.0	0.0	0.0	0.0	0.0	0.0	0.0	0.0	0.0	0.0	0.0	0.0	0.0	0.0	0.0	0.0	0.0	0.0	0.0	0.0	0.0	0.0	0.0	0.0	0.0	0.0
502_1410	700_1868	1st	FS	1.0	unknown	0.0	4082.5239101508414	22.0			1.0	1.0	0.0	0.0	0.0	0.0	0.0	0.0	0.0	0.0	0.0	0.0	0.0	0.0	0.0	0.0	0.0	0.0	0.0	0.0	0.0	0.0	0.0	0.0	0.0	0.0	0.0
436_1297	583_1529	1st	FS	1.0	unknown	1748.281493393975	911.4939960704859	115.0	0.7190408565452094	0.7409479681465944	1.0	1.0	1.5043677040293013e-48	2.164261297246094e-37	3.954746935905986e-40	2.160306550310188e-37	3.954746935905986e-40	4.886009260103618e-74	2.348733323256025e-68	2.160306550310188e-37	1.4798973068448867e-41	0.0	0.0	0.0	1.4786190981085199e-95	4.886009260103618e-74	0.0	0.0	0.0	0.0	0.0	0.0	0.0	0.0	0.0	0.0	0.0
137_355	586_1535	1st	FS	1.0	unknown	592.3979648756454	1904.388567321017	273.0	0.6209634055790118	0.5835275757608485	1.0	1.0	6.522556145056958e-147	2.502466559453085e-127	3.1657155165975483e-136	2.5024665562873696e-127	3.1657155165975483e-136	6.357339370246894e-238	7.212530584637558e-222	2.5024665562873696e-127	4.70808701991635e-127	0.0	0.0	0.0	1.177428943639218e-296	6.357339370246894e-238	0.0	0.0	0.0	0.0	0.0	0.0	0.0	0.0	0.0	0.0	0.0
685_1780	780_2710	1st	FS	1.0	unknown	0.0	4085.5674673030985	22.0			1.0	1.0	0.0	0.0	0.0	0.0	0.0	0.0	0.0	0.0	0.0	0.0	0.0	0.0	0.0	0.0	0.0	0.0	0.0	0.0	0.0	0.0	0.0	0.0	0.0	0.0	0.0
192_613	218_752	1st	FS	1.0	unknown	497.2423131060324	2019.427569886062	285.0	0.6604993359519193	0.6452470244861765	1.0	1.0	6.274834320439261e-158	7.392088386409106e-138	3.0082767430562874e-147	7.39208838340083e-138	3.0082767430562874e-147	3.782928136963832e-254	2.779305567477704e-237	7.39208838340083e-138	2.52654756128749e-137	0.0	0.0	0.0	9.7211105e-316	3.782928136963832e-254	0.0	0.0	0.0	0.0	0.0	0.0	0.0	0.0	0.0	0.0	0.0
627_1605	700_1868	1st	FS	1.0	unknown	0.0	4081.2805649693933	22.0			1.0	1.0	0.0	0.0	0.0	0.0	0.0	0.0	0.0	0.0	0.0	0.0	0.0	0.0	0.0	0.0	0.0	0.0	0.0	0.0	0.0	0.0	0.0	0.0	0.0	0.0	0.0
318_1011	780_2710	1st	FS	1.0	unknown	0.0	4083.2490301518365	22.0			1.0	1.0	0.0	0.0	0.0	0.0	0.0	0.0	0.0	0.0	0.0	0.0	0.0	0.0	0.0	0.0	0.0	0.0	0.0	0.0	0.0	0.0	0.0	0.0	0.0	0.0	0.0
377_1157	52_141	1st	FS	1.0	unknown	0.0	4081.644155632192	22.0			1.0	1.0	0.0	0.0	0.0	0.0	0.0	0.0	0.0	0.0	0.0	0.0	0.0	0.0	0.0	0.0	0.0	0.0	0.0	0.0	0.0	0.0	0.0	0.0	0.0	0.0	0.0
316_1008	502_1410	1st	FS	1.0	unknown	0.0	4084.4187798264434	22.0			1.0	1.0	0.0	0.0	0.0	0.0	0.0	0.0	0.0	0.0	0.0	0.0	0.0	0.0	0.0	0.0	0.0	0.0	0.0	0.0	0.0	0.0	0.0	0.0	0.0	0.0	0.0
586_1535	600_1558	1st	FS	1.0	unknown	509.6400705799493	1978.498810521305	265.0	0.6118276624243344	0.6226198767294503	1.0	1.0	3.213723175478017e-154	4.736990984711964e-134	1.2660524784908382e-142	4.736990972051439e-134	1.2660524784908382e-142	7.350151382684164e-241	2.418788659172398e-225	4.736990972051439e-134	1.8121808080008405e-133	0.0	0.0	0.0	1.0830407782074566e-297	7.350151382684164e-241	0.0	0.0	0.0	0.0	0.0	0.0	0.0	0.0	0.0	0.0	0.0
747_2284	789_2863	1st	FS	1.0	unknown	2096.9876745053866	743.2752884245564	97.0	0.7309236610756589	0.7482676566373038	1.0	1.0	2.186123840405024e-30	1.3855758905868866e-22	9.533773633377339e-25	1.3760421169535093e-22	9.533773633377339e-25	3.304260445106705e-51	1.3710735177761634e-46	1.3760421169535093e-22	1.6537791381798705e-28	0.0	0.0	0.0	1.2067593756160439e-68	3.304260445106705e-51	0.0	0.0	0.0	0.0	0.0	0.0	0.0	0.0	0.0	0.0	0.0
317_1010	358_1094	1st	FS	1.0	unknown	0.0	4081.0794017768703	22.0			1.0	1.0	0.0	0.0	0.0	0.0	0.0	0.0	0.0	0.0	0.0	0.0	0.0	0.0	0.0	0.0	0.0	0.0	0.0	0.0	0.0	0.0	0.0	0.0	0.0	0.0	0.0
137_355	578_1523	1st	FS	1.0	unknown	497.10341609224383	2034.3809886393105	261.0	0.6645562274111135	0.6592425813001299	1.0	1.0	3.057519286867697e-159	2.9213799650377797e-139	1.043549806774512e-147	2.9213799546022816e-139	1.043549806774512e-147	2.7037624062205704e-244	5.190453650663763e-229	2.9213799546022816e-139	8.965568557722504e-139	0.0	0.0	0.0	3.1929602543776345e-300	2.7037624062205704e-244	0.0	0.0	0.0	0.0	0.0	0.0	0.0	0.0	0.0	0.0	0.0
316_1008	685_1780	1st	FS	1.0	unknown	0.0	4083.1496232194627	22.0			1.0	1.0	0.0	0.0	0.0	0.0	0.0	0.0	0.0	0.0	0.0	0.0	0.0	0.0	0.0	0.0	0.0	0.0	0.0	0.0	0.0	0.0	0.0	0.0	0.0	0.0	0.0
502_1410	627_1605	1st	FS	1.0	unknown	0.0	4083.879151186203	22.0			1.0	1.0	0.0	0.0	0.0	0.0	0.0	0.0	0.0	0.0	0.0	0.0	0.0	0.0	0.0	0.0	0.0	0.0	0.0	0.0	0.0	0.0	0.0	0.0	0.0	0.0	0.0
318_1011	377_1157	1st	FS	1.0	unknown	0.0	4082.631854622934	22.0			1.0	1.0	0.0	0.0	0.0	0.0	0.0	0.0	0.0	0.0	0.0	0.0	0.0	0.0	0.0	0.0	0.0	0.0	0.0	0.0	0.0	0.0	0.0	0.0	0.0	0.0	0.0
732_2107	753_2386	1st	FS	1.0	unknown	1617.720758208561	1314.6246883766241	87.0	0.7719050148862818	0.7571876642419033	1.0	1.0	3.618642653734744e-85	7.318483384294828e-75	1.0619268236582516e-76	7.212290701929002e-75	1.0619268236582516e-76	5.218737298111946e-99	5.476982589140501e-95	7.212290701929002e-75	1.8745956193979258e-79	0.0	0.0	0.0	3.594794422722381e-114	5.218737298111943e-99	0.0	0.0	0.0	0.0	0.0	0.0	0.0	0.0	0.0	0.0	0.0
316_1008	317_1010	1st	FS	1.0	unknown	0.0	4083.5240403300445	22.0			1.0	1.0	0.0	0.0	0.0	0.0	0.0	0.0	0.0	0.0	0.0	0.0	0.0	0.0	0.0	0.0	0.0	0.0	0.0	0.0	0.0	0.0	0.0	0.0	0.0	0.0	0.0
454_1327	812_3043	1st	FS	1.0	unknown	1827.7709254625242	759.8106276537602	90.0	0.7848666464454499	0.7219359523324882	1.0	1.0	1.7910101995547528e-34	2.231652300073563e-23	4.488326453892602e-25	2.186769035534637e-23	4.488326453892602e-25	4.328535550234021e-48	4.032998433355612e-44	2.186769035534637e-23	1.3938074105657499e-27	0.0	0.0	0.0	1.2616201221666225e-63	4.32853555023402e-48	0.0	0.0	0.0	0.0	0.0	0.0	0.0	0.0	0.0	0.0	0.0
586_1535	623_1600	1st	FS	1.0	unknown	533.8314382990509	1963.172543017076	272.0	0.6403437657451689	0.6107875528559453	1.0	1.0	1.2232780122662773e-152	1.1113808738830342e-132	1.5402083942302812e-141	1.111380872342826e-132	1.5402083942302812e-141	8.333152517072336e-243	8.1166657847908525e-227	1.111380872342826e-132	3.298033581812917e-132	0.0	0.0	0.0	2.659433324934002e-301	8.333152517072336e-243	0.0	0.0	0.0	0.0	0.0	0.0	0.0	0.0	0.0	0.0	0.0
377_1157	63_159	1st	FS	1.0	unknown	0.0	4081.368455405332	23.0			1.0	1.0	0.0	0.0	0.0	0.0	0.0	0.0	0.0	0.0	0.0	0.0	0.0	0.0	0.0	0.0	0.0	0.0	0.0	0.0	0.0	0.0	0.0	0.0	0.0	0.0	0.0
52_141	780_2710	1st	FS	1.0	unknown	0.0	4081.3731013588194	23.0			1.0	1.0	0.0	0.0	0.0	0.0	0.0	0.0	0.0	0.0	0.0	0.0	0.0	0.0	0.0	0.0	0.0	0.0	0.0	0.0	0.0	0.0	0.0	0.0	0.0	0.0	0.0
61_156	700_1868	1st	FS	1.0	unknown	0.0	4080.4831382313323	22.0			1.0	1.0	0.0	0.0	0.0	0.0	0.0	0.0	0.0	0.0	0.0	0.0	0.0	0.0	0.0	0.0	0.0	0.0	0.0	0.0	0.0	0.0	0.0	0.0	0.0	0.0	0.0
186_591	269_901	1st	FS	1.0	unknown	1916.6981985622094	866.6372012498307	92.0	0.7934615603525157	0.692989616792627	1.0	1.0	5.745667374691665e-43	1.1771989718119438e-33	1.4082437465029158e-35	1.1631165343469147e-33	1.4082437465029158e-35	8.691368728418352e-60	1.5262854718755168e-55	1.1631165343469147e-33	8.722175906661262e-39	0.0	0.0	0.0	5.4927498182414896e-76	8.691368728418352e-60	0.0	0.0	0.0	0.0	0.0	0.0	0.0	0.0	0.0	0.0	0.0
315_1007	316_1008	1st	FS	1.0	unknown	0.0	4081.040382920187	23.0			1.0	1.0	0.0	0.0	0.0	0.0	0.0	0.0	0.0	0.0	0.0	0.0	0.0	0.0	0.0	0.0	0.0	0.0	0.0	0.0	0.0	0.0	0.0	0.0	0.0	0.0	0.0
317_1010	377_1157	1st	FS	1.0	unknown	0.0	4081.13678964586	23.0			1.0	1.0	0.0	0.0	0.0	0.0	0.0	0.0	0.0	0.0	0.0	0.0	0.0	0.0	0.0	0.0	0.0	0.0	0.0	0.0	0.0	0.0	0.0	0.0	0.0	0.0	0.0
317_1010	627_1605	1st	FS	1.0	unknown	0.0	4083.984704499236	22.0			1.0	1.0	0.0	0.0	0.0	0.0	0.0	0.0	0.0	0.0	0.0	0.0	0.0	0.0	0.0	0.0	0.0	0.0	0.0	0.0	0.0	0.0	0.0	0.0	0.0	0.0	0.0
490_1396	947_4240	1st	FS	1.0	unknown	286.24628533035076	3610.3754551870247	60.0	0.6845863929064785	0.6390009580327043	1.0	1.0	1.8298865895636548e-299	1.3574990596435548e-286	4.206003401005831e-288	1.3154390256334963e-286	4.206003401003789e-288	2.0423903054106378e-300	1.737759086619216e-297	1.3154390256161187e-286	9.583836857815087e-290	0.0	0.0	0.0	3.93228766147127e-310	2.0423903050174088e-300	0.0	0.0	0.0	0.0	0.0	0.0	0.0	0.0	0.0	0.0	0.0
318_1011	627_1605	1st	FS	1.0	unknown	0.0	4084.4363265710313	22.0			1.0	1.0	0.0	0.0	0.0	0.0	0.0	0.0	0.0	0.0	0.0	0.0	0.0	0.0	0.0	0.0	0.0	0.0	0.0	0.0	0.0	0.0	0.0	0.0	0.0	0.0	0.0
317_1010	685_1780	1st	FS	1.0	unknown	0.0	4083.157502146196	22.0			1.0	1.0	0.0	0.0	0.0	0.0	0.0	0.0	0.0	0.0	0.0	0.0	0.0	0.0	0.0	0.0	0.0	0.0	0.0	0.0	0.0	0.0	0.0	0.0	0.0	0.0	0.0
598_1556	700_1868	1st	FS	1.0	unknown	0.0	4082.424309625989	22.0			1.0	1.0	0.0	0.0	0.0	0.0	0.0	0.0	0.0	0.0	0.0	0.0	0.0	0.0	0.0	0.0	0.0	0.0	0.0	0.0	0.0	0.0	0.0	0.0	0.0	0.0	0.0
318_1011	685_1780	1st	FS	1.0	unknown	0.0	4084.8709889246343	22.0			1.0	1.0	0.0	0.0	0.0	0.0	0.0	0.0	0.0	0.0	0.0	0.0	0.0	0.0	0.0	0.0	0.0	0.0	0.0	0.0	0.0	0.0	0.0	0.0	0.0	0.0	0.0
711_1937	903_3568	1st	FS	1.0	unknown	1935.371737242075	832.5260874245596	115.0	0.750684794626288	0.7097280474894788	1.0	1.0	8.561676840102027e-40	1.6594612566260247e-30	2.5075296256321447e-33	1.6569537270003924e-30	2.5075296256321447e-33	2.030319132591256e-67	1.169843369207575e-61	1.6569537270003924e-30	1.1902693047159592e-35	0.0	0.0	0.0	4.820238622497848e-89	2.030319132591256e-67	0.0	0.0	0.0	0.0	0.0	0.0	0.0	0.0	0.0	0.0	0.0
218_752	435_1295	1st	FS	1.0	unknown	514.7071508947225	2059.1860121739774	269.0	0.6362835457671188	0.6105529024283539	1.0	1.0	3.042986245247326e-161	1.2237258857984688e-141	1.9496239001224858e-150	1.223725883848845e-141	1.9496239001224858e-150	1.5313059875942558e-250	1.0724533567976314e-234	1.223725883848845e-141	2.3974006967894716e-141	0.0	0.0	0.0	2.1071108480269825e-308	1.5313059875942558e-250	0.0	0.0	0.0	0.0	0.0	0.0	0.0	0.0	0.0	0.0	0.0
600_1558	623_1600	1st	FS	1.0	unknown	522.4871849706534	1989.801744596197	284.0	0.6758892435096792	0.6417148061274974	1.0	1.0	4.385214841112534e-155	3.7875174146699795e-135	1.7022920145365066e-144	3.787517412967688e-135	1.7022920145365066e-144	5.871859090984693e-251	3.675305900060289e-234	3.787517412967688e-135	1.0976792576318686e-134	0.0	0.0	0.0	2.627038309567e-312	5.871859090984693e-251	0.0	0.0	0.0	0.0	0.0	0.0	0.0	0.0	0.0	0.0	0.0
137_355	218_752	1st	FS	1.0	unknown	505.1617692063579	2026.6325783707377	278.0	0.6625333826975608	0.6436260760235673	1.0	1.0	1.7520916722085242e-158	1.4796387191082538e-138	1.1132612334164748e-147	1.4796387179949926e-138	1.1132612334164748e-147	1.3677425027081933e-251	3.5343032361672796e-235	1.4796387179949926e-138	4.254316730937991e-138	0.0	0.0	0.0	1.537714892192e-311	1.3677425027081933e-251	0.0	0.0	0.0	0.0	0.0	0.0	0.0	0.0	0.0	0.0	0.0
315_1007	780_2710	1st	FS	1.0	unknown	0.0	4083.0645810157803	22.0			1.0	1.0	0.0	0.0	0.0	0.0	0.0	0.0	0.0	0.0	0.0	0.0	0.0	0.0	0.0	0.0	0.0	0.0	0.0	0.0	0.0	0.0	0.0	0.0	0.0	0.0	0.0
315_1007	502_1410	1st	FS	1.0	unknown	0.0	4083.6339666512295	22.0			1.0	1.0	0.0	0.0	0.0	0.0	0.0	0.0	0.0	0.0	0.0	0.0	0.0	0.0	0.0	0.0	0.0	0.0	0.0	0.0	0.0	0.0	0.0	0.0	0.0	0.0	0.0
377_1157	598_1556	1st	FS	1.0	unknown	0.0	4082.0659904985655	22.0			1.0	1.0	0.0	0.0	0.0	0.0	0.0	0.0	0.0	0.0	0.0	0.0	0.0	0.0	0.0	0.0	0.0	0.0	0.0	0.0	0.0	0.0	0.0	0.0	0.0	0.0	0.0
137_355	192_613	1st	FS	1.0	unknown	563.9477246750755	1965.0710743897137	282.0	0.6640201362402016	0.6170387143842174	1.0	1.0	1.6447024182063447e-152	6.063859615211686e-133	3.1783064288802603e-142	6.06385961203338e-133	3.1783064288802603e-142	7.466762614995301e-248	3.5401420658604135e-231	6.06385961203338e-133	1.1243994775310873e-132	0.0	0.0	0.0	9.562681571367545e-309	7.466762614995301e-248	0.0	0.0	0.0	0.0	0.0	0.0	0.0	0.0	0.0	0.0	0.0
502_1410	63_159	1st	FS	1.0	unknown	0.0	4083.9789061804204	22.0			1.0	1.0	0.0	0.0	0.0	0.0	0.0	0.0	0.0	0.0	0.0	0.0	0.0	0.0	0.0	0.0	0.0	0.0	0.0	0.0	0.0	0.0	0.0	0.0	0.0	0.0	0.0
318_1011	61_156	1st	FS	1.0	unknown	0.0	4082.407101553389	22.0			1.0	1.0	0.0	0.0	0.0	0.0	0.0	0.0	0.0	0.0	0.0	0.0	0.0	0.0	0.0	0.0	0.0	0.0	0.0	0.0	0.0	0.0	0.0	0.0	0.0	0.0	0.0
598_1556	627_1605	1st	FS	1.0	unknown	0.0	4081.925774653276	23.0			1.0	1.0	0.0	0.0	0.0	0.0	0.0	0.0	0.0	0.0	0.0	0.0	0.0	0.0	0.0	0.0	0.0	0.0	0.0	0.0	0.0	0.0	0.0	0.0	0.0	0.0	0.0
316_1008	598_1556	1st	FS	1.0	unknown	0.0	4082.641718822801	22.0			1.0	1.0	0.0	0.0	0.0	0.0	0.0	0.0	0.0	0.0	0.0	0.0	0.0	0.0	0.0	0.0	0.0	0.0	0.0	0.0	0.0	0.0	0.0	0.0	0.0	0.0	0.0
296_958	522_1434	1st	FS	1.0	unknown	1951.7387349845026	920.0351954557666	114.0	0.7671206001726996	0.6931339258751643	1.0	1.0	2.639376309269896e-47	9.119376988349224e-39	1.2579388658852913e-41	9.106797599690371e-39	1.2579388658852913e-41	1.8300502143086079e-75	1.0770059612263812e-69	9.106797599690371e-39	2.6846809487208756e-44	0.0	0.0	0.0	5.932545897173106e-97	1.8300502143086079e-75	0.0	0.0	0.0	0.0	0.0	0.0	0.0	0.0	0.0	0.0	0.0
316_1008	63_159	1st	FS	1.0	unknown	0.0	4083.2601782096904	22.0			1.0	1.0	0.0	0.0	0.0	0.0	0.0	0.0	0.0	0.0	0.0	0.0	0.0	0.0	0.0	0.0	0.0	0.0	0.0	0.0	0.0	0.0	0.0	0.0	0.0	0.0	0.0
358_1094	377_1157	1st	FS	1.0	unknown	0.0	4081.3651741304043	23.0			1.0	1.0	0.0	0.0	0.0	0.0	0.0	0.0	0.0	0.0	0.0	0.0	0.0	0.0	0.0	0.0	0.0	0.0	0.0	0.0	0.0	0.0	0.0	0.0	0.0	0.0	0.0
377_1157	627_1605	1st	FS	1.0	unknown	0.0	4082.911298683647	22.0			1.0	1.0	0.0	0.0	0.0	0.0	0.0	0.0	0.0	0.0	0.0	0.0	0.0	0.0	0.0	0.0	0.0	0.0	0.0	0.0	0.0	0.0	0.0	0.0	0.0	0.0	0.0
578_1523	586_1535	1st	FS	1.0	unknown	452.36304442388246	2062.534607169499	249.0	0.6393248737236629	0.6427380990543247	1.0	1.0	3.793829102267371e-162	8.895148912913506e-142	9.819985054705908e-150	8.895148814713656e-142	9.819985054705908e-150	4.011104905791419e-241	1.1956495787698574e-226	8.895148814713656e-142	4.3727881906707676e-141	0.0	0.0	0.0	3.3888083151610627e-294	4.011104905791419e-241	0.0	0.0	0.0	0.0	0.0	0.0	0.0	0.0	0.0	0.0	0.0
318_1011	879_3408	1st	FS	1.0	unknown	0.0	4082.5144650992593	22.0			1.0	1.0	0.0	0.0	0.0	0.0	0.0	0.0	0.0	0.0	0.0	0.0	0.0	0.0	0.0	0.0	0.0	0.0	0.0	0.0	0.0	0.0	0.0	0.0	0.0	0.0	0.0
502_1410	879_3408	1st	FS	1.0	unknown	0.0	4083.3318965176304	22.0			1.0	1.0	0.0	0.0	0.0	0.0	0.0	0.0	0.0	0.0	0.0	0.0	0.0	0.0	0.0	0.0	0.0	0.0	0.0	0.0	0.0	0.0	0.0	0.0	0.0	0.0	0.0
317_1010	502_1410	1st	FS	1.0	unknown	0.0	4083.806222823234	22.0			1.0	1.0	0.0	0.0	0.0	0.0	0.0	0.0	0.0	0.0	0.0	0.0	0.0	0.0	0.0	0.0	0.0	0.0	0.0	0.0	0.0	0.0	0.0	0.0	0.0	0.0	0.0
358_1094	598_1556	1st	FS	1.0	unknown	0.0	4083.8082296469743	22.0			1.0	1.0	0.0	0.0	0.0	0.0	0.0	0.0	0.0	0.0	0.0	0.0	0.0	0.0	0.0	0.0	0.0	0.0	0.0	0.0	0.0	0.0	0.0	0.0	0.0	0.0	0.0
685_1780	700_1868	1st	FS	1.0	unknown	0.0	4083.6954534077095	22.0			1.0	1.0	0.0	0.0	0.0	0.0	0.0	0.0	0.0	0.0	0.0	0.0	0.0	0.0	0.0	0.0	0.0	0.0	0.0	0.0	0.0	0.0	0.0	0.0	0.0	0.0	0.0
358_1094	685_1780	1st	FS	1.0	unknown	0.0	4080.973366884455	22.0			1.0	1.0	0.0	0.0	0.0	0.0	0.0	0.0	0.0	0.0	0.0	0.0	0.0	0.0	0.0	0.0	0.0	0.0	0.0	0.0	0.0	0.0	0.0	0.0	0.0	0.0	0.0
316_1008	700_1868	1st	FS	1.0	unknown	0.0	4080.769342452479	22.0			1.0	1.0	0.0	0.0	0.0	0.0	0.0	0.0	0.0	0.0	0.0	0.0	0.0	0.0	0.0	0.0	0.0	0.0	0.0	0.0	0.0	0.0	0.0	0.0	0.0	0.0	0.0
318_1011	502_1410	1st	FS	1.0	unknown	0.0	4084.465876587699	22.0			1.0	1.0	0.0	0.0	0.0	0.0	0.0	0.0	0.0	0.0	0.0	0.0	0.0	0.0	0.0	0.0	0.0	0.0	0.0	0.0	0.0	0.0	0.0	0.0	0.0	0.0	0.0
315_1007	700_1868	1st	FS	1.0	unknown	0.0	4080.3366835021393	23.0			1.0	1.0	0.0	0.0	0.0	0.0	0.0	0.0	0.0	0.0	0.0	0.0	0.0	0.0	0.0	0.0	0.0	0.0	0.0	0.0	0.0	0.0	0.0	0.0	0.0	0.0	0.0
199_654	92_213	1st	FS	1.0	unknown	1938.1740569352878	783.8515998352253	123.0	0.7554158595750052	0.7281253201899341	1.0	1.0	1.68653530397549e-35	6.036606741234454e-26	4.7558180289936545e-29	6.031850923205461e-26	4.7558180289936545e-29	1.6483124890571407e-66	2.988393779465416e-60	6.031850923205461e-26	5.932642170769523e-31	0.0	0.0	0.0	5.559049718729972e-90	1.6483124890571407e-66	0.0	0.0	0.0	0.0	0.0	0.0	0.0	0.0	0.0	0.0	0.0
315_1007	358_1094	1st	FS	1.0	unknown	0.0	4082.079220313475	23.0			1.0	1.0	0.0	0.0	0.0	0.0	0.0	0.0	0.0	0.0	0.0	0.0	0.0	0.0	0.0	0.0	0.0	0.0	0.0	0.0	0.0	0.0	0.0	0.0	0.0	0.0	0.0
435_1295	623_1600	1st	FS	1.0	unknown	509.8412893139613	2076.1045387261283	277.0	0.6355305768880821	0.6238842177491347	1.0	1.0	8.963895048817842e-163	3.261234021870498e-143	2.444554487537235e-152	3.261234019425944e-143	2.444554487537235e-152	6.553758375206714e-256	1.591458890415367e-239	3.261234019425944e-143	6.074423565481112e-143	0.0	0.0	0.0	1.12488313e-315	6.553758375206714e-256	0.0	0.0	0.0	0.0	0.0	0.0	0.0	0.0	0.0	0.0	0.0
52_141	879_3408	1st	FS	1.0	unknown	0.0	4084.5162480074455	22.0			1.0	1.0	0.0	0.0	0.0	0.0	0.0	0.0	0.0	0.0	0.0	0.0	0.0	0.0	0.0	0.0	0.0	0.0	0.0	0.0	0.0	0.0	0.0	0.0	0.0	0.0	0.0
751_2342	812_3043	1st	FS	1.0	unknown	2020.6322384415878	851.3905113210687	119.0	0.7145213409126082	0.6800457650336653	1.0	1.0	1.3000950976516002e-40	1.6177380429622745e-32	1.4116809672178645e-35	1.6163263619950568e-32	1.4116809672178645e-35	1.4392645962966146e-71	1.820068502660099e-65	1.6163263619950568e-32	2.775954180928419e-38	0.0	0.0	0.0	3.0620623093358376e-94	1.4392645962966146e-71	0.0	0.0	0.0	0.0	0.0	0.0	0.0	0.0	0.0	0.0	0.0
627_1605	685_1780	1st	FS	1.0	unknown	0.0	4083.7317429907102	22.0			1.0	1.0	0.0	0.0	0.0	0.0	0.0	0.0	0.0	0.0	0.0	0.0	0.0	0.0	0.0	0.0	0.0	0.0	0.0	0.0	0.0	0.0	0.0	0.0	0.0	0.0	0.0
358_1094	61_156	1st	FS	1.0	unknown	0.0	4081.144502290398	22.0			1.0	1.0	0.0	0.0	0.0	0.0	0.0	0.0	0.0	0.0	0.0	0.0	0.0	0.0	0.0	0.0	0.0	0.0	0.0	0.0	0.0	0.0	0.0	0.0	0.0	0.0	0.0
483_1383	948_4242	1st	FS	1.0	unknown	2175.9670294987136	743.5758226434222	113.0	0.760376822280479	0.7586854869721588	1.0	1.0	1.2216476963531456e-29	7.77572358781706e-23	1.0806547686435268e-25	7.764917040130625e-23	1.0806547686435268e-25	3.517281167717119e-59	1.9245222406622467e-53	7.764917040130625e-23	2.7986075764177113e-29	0.0	0.0	0.0	1.76584432269272e-80	3.517281167717119e-59	0.0	0.0	0.0	0.0	0.0	0.0	0.0	0.0	0.0	0.0	0.0
316_1008	627_1605	1st	FS	1.0	unknown	0.0	4083.0922351109753	22.0			1.0	1.0	0.0	0.0	0.0	0.0	0.0	0.0	0.0	0.0	0.0	0.0	0.0	0.0	0.0	0.0	0.0	0.0	0.0	0.0	0.0	0.0	0.0	0.0	0.0	0.0	0.0
598_1556	61_156	1st	FS	1.0	unknown	0.0	4079.0483844948226	23.0			1.0	1.0	0.0	0.0	0.0	0.0	0.0	0.0	0.0	0.0	0.0	0.0	0.0	0.0	0.0	0.0	0.0	0.0	0.0	0.0	0.0	0.0	0.0	0.0	0.0	0.0	0.0
435_1295	578_1523	1st	FS	1.0	unknown	437.1796760203532	2187.8782080751494	282.0	0.6527566064879059	0.670950411493021	1.0	1.0	2.7686350376241598e-173	1.685981989447557e-153	7.462261870243397e-163	1.685981988701331e-153	7.462261870243397e-163	1.2044776832624367e-268	6.707763372890188e-252	1.685981988701331e-153	4.155862027449136e-153	0.0	0.0	0.0	0.0	1.2044776832624367e-268	0.0	0.0	0.0	0.0	0.0	0.0	0.0	0.0	0.0	0.0	0.0
316_1008	318_1011	1st	FS	1.0	unknown	0.0	4083.640032419467	22.0			1.0	1.0	0.0	0.0	0.0	0.0	0.0	0.0	0.0	0.0	0.0	0.0	0.0	0.0	0.0	0.0	0.0	0.0	0.0	0.0	0.0	0.0	0.0	0.0	0.0	0.0	0.0
52_141	627_1605	1st	FS	1.0	unknown	0.0	4082.4431100195116	23.0			1.0	1.0	0.0	0.0	0.0	0.0	0.0	0.0	0.0	0.0	0.0	0.0	0.0	0.0	0.0	0.0	0.0	0.0	0.0	0.0	0.0	0.0	0.0	0.0	0.0	0.0	0.0
318_1011	63_159	1st	FS	1.0	unknown	0.0	4083.288478659	22.0			1.0	1.0	0.0	0.0	0.0	0.0	0.0	0.0	0.0	0.0	0.0	0.0	0.0	0.0	0.0	0.0	0.0	0.0	0.0	0.0	0.0	0.0	0.0	0.0	0.0	0.0	0.0
315_1007	598_1556	1st	FS	1.0	unknown	0.0	4081.854935945077	22.0			1.0	1.0	0.0	0.0	0.0	0.0	0.0	0.0	0.0	0.0	0.0	0.0	0.0	0.0	0.0	0.0	0.0	0.0	0.0	0.0	0.0	0.0	0.0	0.0	0.0	0.0	0.0
315_1007	879_3408	1st	FS	1.0	unknown	0.0	4083.1257542590515	22.0			1.0	1.0	0.0	0.0	0.0	0.0	0.0	0.0	0.0	0.0	0.0	0.0	0.0	0.0	0.0	0.0	0.0	0.0	0.0	0.0	0.0	0.0	0.0	0.0	0.0	0.0	0.0
377_1157	685_1780	1st	FS	1.0	unknown	0.0	4081.7546747212514	22.0			1.0	1.0	0.0	0.0	0.0	0.0	0.0	0.0	0.0	0.0	0.0	0.0	0.0	0.0	0.0	0.0	0.0	0.0	0.0	0.0	0.0	0.0	0.0	0.0	0.0	0.0	0.0
358_1094	879_3408	1st	FS	1.0	unknown	0.0	4081.768071956306	22.0			1.0	1.0	0.0	0.0	0.0	0.0	0.0	0.0	0.0	0.0	0.0	0.0	0.0	0.0	0.0	0.0	0.0	0.0	0.0	0.0	0.0	0.0	0.0	0.0	0.0	0.0	0.0
316_1008	52_141	1st	FS	1.0	unknown	0.0	4083.029885662248	22.0			1.0	1.0	0.0	0.0	0.0	0.0	0.0	0.0	0.0	0.0	0.0	0.0	0.0	0.0	0.0	0.0	0.0	0.0	0.0	0.0	0.0	0.0	0.0	0.0	0.0	0.0	0.0
52_141	685_1780	1st	FS	1.0	unknown	0.0	4082.467053536213	22.0			1.0	1.0	0.0	0.0	0.0	0.0	0.0	0.0	0.0	0.0	0.0	0.0	0.0	0.0	0.0	0.0	0.0	0.0	0.0	0.0	0.0	0.0	0.0	0.0	0.0	0.0	0.0
627_1605	780_2710	1st	FS	1.0	unknown	0.0	4083.3262493127513	22.0			1.0	1.0	0.0	0.0	0.0	0.0	0.0	0.0	0.0	0.0	0.0	0.0	0.0	0.0	0.0	0.0	0.0	0.0	0.0	0.0	0.0	0.0	0.0	0.0	0.0	0.0	0.0
137_355	600_1558	1st	FS	1.0	unknown	506.63598505661787	2015.1868069462028	267.0	0.6386820720309702	0.636125807601018	1.0	1.0	1.8254759237367102e-157	1.739130069239505e-137	3.64727826347996e-146	1.7391300655922267e-137	3.64727826347996e-146	2.5529983716491515e-245	1.2068946839070434e-229	1.7391300655922267e-137	5.318692118124477e-137	0.0	0.0	0.0	1.173543180861479e-302	2.5529983716491515e-245	0.0	0.0	0.0	0.0	0.0	0.0	0.0	0.0	0.0	0.0	0.0
317_1010	700_1868	1st	FS	1.0	unknown	0.0	4082.02410937506	22.0			1.0	1.0	0.0	0.0	0.0	0.0	0.0	0.0	0.0	0.0	0.0	0.0	0.0	0.0	0.0	0.0	0.0	0.0	0.0	0.0	0.0	0.0	0.0	0.0	0.0	0.0	0.0
57_152	922_4158	1st	FS	1.0	unknown	1720.4715044298953	992.3483514524826	92.0	0.7615930071367701	0.7121665166841917	1.0	1.0	6.560777689613933e-56	6.675716816311147e-45	9.027221877637936e-47	6.585444597534768e-45	9.027221877637936e-47	7.339244399680815e-71	1.1452032990015249e-66	6.585444597534768e-45	3.842172305230429e-49	0.0	0.0	0.0	5.433649721939974e-87	7.339244399680814e-71	0.0	0.0	0.0	0.0	0.0	0.0	0.0	0.0	0.0	0.0	0.0
580_1525	932_4205	1st	FS	1.0	unknown	1772.4510583915437	789.3757606810118	88.0	0.7424260393778445	0.7493379990657972	1.0	1.0	1.3165577074656077e-37	5.364528543939088e-26	1.348970568238825e-27	5.229631487115205e-26	1.348970568238825e-27	1.0460770500567195e-49	6.875493102898498e-46	5.229631487115205e-26	6.2349882560741506e-30	0.0	0.0	0.0	9.601120250909073e-65	1.0460770500567185e-49	0.0	0.0	0.0	0.0	0.0	0.0	0.0	0.0	0.0	0.0	0.0
218_752	586_1535	1st	FS	1.0	unknown	497.1162360870639	1948.8355953153564	269.0	0.6432666585843979	0.6344331250733608	1.0	1.0	9.654359267226113e-152	3.126709849151301e-131	6.239862290057404e-140	3.126709842911439e-131	6.239862290057404e-140	8.080579776129758e-240	4.567221425923962e-224	3.126709842911439e-131	1.797984840586061e-130	0.0	0.0	0.0	1.4817853712235016e-297	8.080579776129758e-240	0.0	0.0	0.0	0.0	0.0	0.0	0.0	0.0	0.0	0.0	0.0
315_1007	627_1605	1st	FS	1.0	unknown	0.0	4084.1023413119738	22.0			1.0	1.0	0.0	0.0	0.0	0.0	0.0	0.0	0.0	0.0	0.0	0.0	0.0	0.0	0.0	0.0	0.0	0.0	0.0	0.0	0.0	0.0	0.0	0.0	0.0	0.0	0.0
317_1010	598_1556	1st	FS	1.0	unknown	0.0	4083.3105515814377	22.0			1.0	1.0	0.0	0.0	0.0	0.0	0.0	0.0	0.0	0.0	0.0	0.0	0.0	0.0	0.0	0.0	0.0	0.0	0.0	0.0	0.0	0.0	0.0	0.0	0.0	0.0	0.0
318_1011	598_1556	1st	FS	1.0	unknown	0.0	4084.05972129266	22.0			1.0	1.0	0.0	0.0	0.0	0.0	0.0	0.0	0.0	0.0	0.0	0.0	0.0	0.0	0.0	0.0	0.0	0.0	0.0	0.0	0.0	0.0	0.0	0.0	0.0	0.0	0.0
453_1326	899_3555	1st	FS	1.0	unknown	1677.4257674309501	760.803650895617	108.0	0.7919474913025711	0.7357495280762151	1.0	1.0	4.9361428259643134e-36	4.778738765634408e-23	2.4408202864726293e-25	4.754330562769682e-23	2.4408202864726293e-25	7.4297143869137765e-56	8.44909689712036e-51	4.754330562769682e-23	2.890684352652704e-26	0.0	0.0	0.0	1.6732644482570885e-75	7.4297143869137765e-56	0.0	0.0	0.0	0.0	0.0	0.0	0.0	0.0	0.0	0.0	0.0
52_141	63_159	1st	FS	1.0	unknown	0.0	4082.5997819855	22.0			1.0	1.0	0.0	0.0	0.0	0.0	0.0	0.0	0.0	0.0	0.0	0.0	0.0	0.0	0.0	0.0	0.0	0.0	0.0	0.0	0.0	0.0	0.0	0.0	0.0	0.0	0.0
318_1011	700_1868	1st	FS	1.0	unknown	0.0	4083.0177729926554	22.0			1.0	1.0	0.0	0.0	0.0	0.0	0.0	0.0	0.0	0.0	0.0	0.0	0.0	0.0	0.0	0.0	0.0	0.0	0.0	0.0	0.0	0.0	0.0	0.0	0.0	0.0	0.0
405_1211	922_4158	1st	FS	0.9999999999999998	unknown	2157.845396745469	675.1877691609811	105.0	0.7547352098732121	0.7526263449832952	0.9999999999999998	0.9999999999999998	8.027743215805397e-24	2.295794224638267e-16	7.716101082668704e-19	2.288078123555599e-16	7.716101082668704e-19	9.842723026470748e-49	1.3710644004204162e-43	2.288078123555599e-16	1.7966182327663415e-22	0.0	0.0	0.0	4.682198467127664e-68	9.842723026470748e-49	0.0	0.0	0.0	0.0	0.0	0.0	0.0	0.0	0.0	0.0	0.0
583_1529	683_1774	1st	FS	0.9999999999997758	unknown	2003.4118466320715	647.9748247739934	111.0	0.7486118317204353	0.7845741194609875	0.9999999999997758	0.9999999999997758	5.990692833452931e-23	2.242021489142606e-13	5.992547724108102e-16	2.2360289414184979e-13	5.992547724108102e-16	4.0445218192632663e-48	1.0399993523369156e-42	2.2360289414184979e-13	2.2239277793012146e-18	0.0	0.0	0.0	1.1017330430696175e-68	4.0445218192632663e-48	0.0	0.0	0.0	0.0	0.0	0.0	0.0	0.0	0.0	0.0	0.0
101_228	521_1432	1st	FS	0.9999999999996494	unknown	2001.979746460526	645.9485199390281	111.0	0.7203568402203946	0.7508405445809664	0.9999999999996494	0.9999999999996494	8.731378595944302e-23	3.506487713073272e-13	9.429337327963834e-16	3.4970583757453077e-13	9.429337327963834e-16	6.450700028115369e-48	1.649133993866747e-42	3.4970583757453077e-13	3.60776409567023e-18	0.0	0.0	0.0	1.770872511897823e-68	6.450700028115369e-48	0.0	0.0	0.0	0.0	0.0	0.0	0.0	0.0	0.0	0.0	0.0
405_1211	57_152	1st	FS	0.9999999999885134	unknown	1961.3863264216673	631.0239933656816	96.0	0.7711278000499353	0.777893329930597	0.9999999999885134	0.9999999999885134	7.1089034281461465e-22	1.1486384975362326e-11	1.3336007467836732e-13	1.135302490068396e-11	1.3336007467836732e-13	3.2833258093562613e-39	7.718416131630003e-35	1.135302490068396e-11	2.4392034394296456e-16	0.0	0.0	0.0	3.605785659613858e-56	3.2833258093562613e-39	0.0	0.0	0.0	0.0	0.0	0.0	0.0	0.0	0.0	0.0	0.0
620_1592	887_3480	1st	FS	0.9999999990316112	unknown	1822.6967370101436	614.673019609886	121.0	0.7093907606493159	0.721676373451747	0.9999999990316112	0.9999999990316112	8.446956243187048e-22	9.681992882787595e-10	1.5109854807320591e-12	9.666883027980275e-10	1.5109854807320591e-12	1.158284792636988e-48	9.599670098696564e-43	9.666883027980275e-10	1.89563242535471e-13	0.0	0.0	0.0	2.1995010683850864e-71	1.158284792636988e-48	0.0	0.0	0.0	0.0	0.0	0.0	0.0	0.0	0.0	0.0	0.0
281_927	841_3171	1st	FS	0.9999998080093462	unknown	1838.3772018227057	589.7276313147842	91.0	0.8627200810231384	0.8002725464991928	0.9999998080093462	0.9999998080093462	1.8496905431282913e-19	1.9195506136651927e-07	1.8234421697383108e-07	9.610844392688192e-09	1.8234421697383108e-07	1.2162837574602769e-30	1.3212096387113915e-29	9.610844392688192e-09	3.559248834406812e-11	0.0	0.0	0.0	2.94136017537326e-46	1.2162837574602765e-30	0.0	0.0	0.0	0.0	0.0	0.0	0.0	0.0	0.0	0.0	0.0
390_1188	521_1432	1st	FS	0.9999820206141056	unknown	1843.6362525926997	568.565652720906	104.0	0.6789502291241897	0.7152087433367862	0.9999820206141056	0.9999820206141056	1.491910572610009e-17	1.797579068034614e-05	1.3829206158056196e-07	1.783749861876558e-05	1.3829206158056196e-07	2.4637238665820908e-36	1.455058444870547e-31	1.783749861876558e-05	3.5952141741349706e-09	0.0	0.0	0.0	5.196200317798891e-55	2.4637238665820908e-36	0.0	0.0	0.0	0.0	0.0	0.0	0.0	0.0	0.0	0.0	0.0
168_523	767_2570	1st	PO	0.9999999949079187	unknown	3735.8478838598744	4.687223883681241	100.0	0.6821052066883587	0.886933900284781	0.9999999949079187	7.244403753773888e-52	0.9999999949079187	5.092081361977384e-09	5.069903255759804e-09	2.2178106217579856e-11	5.069903255759804e-09	2.6569294404709354e-38	3.7206930094693426e-38	2.2178106217579856e-11	2.265845867774794e-23	0.0	0.0	0.0	2.5103984519156222e-57	2.6569294404709354e-38	0.0	0.0	0.0	0.0	0.0	0.0	0.0	0.0	0.0	0.0	0.0
261_865	538_1460	1st	PO	0.9999999944842879	unknown	3735.377192769513	0.04646867083260986	95.0	0.7031142276985685	0.8220077363864196	0.9999999944842879	2.86937438698264e-52	0.9999999944842879	5.5157120584425416e-09	9.47608555535424e-12	5.506235972887188e-09	9.47608555535424e-12	7.22207685400216e-39	9.891917759165163e-34	5.506235972887188e-09	2.557599523053929e-23	0.0	0.0	0.0	1.051161769530736e-56	7.22207685400216e-39	0.0	0.0	0.0	0.0	0.0	0.0	0.0	0.0	0.0	0.0	0.0
672_1710	944_4229	1st	PO	0.9999999930891834	unknown	3727.4790885215657	0.3213647588900024	100.0	0.7915368951600316	0.7217597470339857	0.9999999930891834	3.624507515601279e-52	0.9999999930891834	6.9108165579145345e-09	7.616527567143671e-12	6.9032000303473905e-09	7.616527567143671e-12	4.195194019993968e-41	1.2185229514323862e-35	6.9032000303473905e-09	3.604571027127664e-23	0.0	0.0	0.0	4.0787627671217025e-60	4.195194019993968e-41	0.0	0.0	0.0	0.0	0.0	0.0	0.0	0.0	0.0	0.0	0.0
361_1099	608_1569	1st	PO	0.999999992356008	unknown	3723.7034468439942	0.9404161061787022	99.0	0.8823169590383226	0.7393068562563886	0.999999992356008	4.4719862093366455e-52	0.999999992356008	7.643991921104175e-09	7.529341307072522e-09	1.1465061403165292e-10	7.529341307072522e-09	1.1321530706016327e-37	5.197638987418975e-37	1.1465061403165292e-10	4.202563237000361e-23	0.0	0.0	0.0	1.9111335050199387e-56	1.1321530706016327e-37	0.0	0.0	0.0	0.0	0.0	0.0	0.0	0.0	0.0	0.0	0.0
58_153	643_1646	1st	PO	0.9999999920875794	unknown	3720.799597889833	4.431537469182004	90.0	0.7990068554547182	0.8334249572374729	0.9999999920875794	9.660262383925621e-52	0.9999999920875794	7.912420698816142e-09	7.52568828083223e-09	3.8673241798391114e-10	7.52568828083223e-09	8.508564985743475e-34	7.592310118955086e-33	3.8673241798391114e-10	4.4307590700605795e-23	0.0	0.0	0.0	1.929574847849907e-50	8.508564985743475e-34	0.0	0.0	0.0	0.0	0.0	0.0	0.0	0.0	0.0	0.0	0.0
525_1437	639_1639	1st	PO	0.999999990281189	unknown	3712.4499111851933	7.016526724019043	104.0	0.7564111742843526	0.7029277093375667	0.999999990281189	1.9651035349725608e-51	0.999999990281189	9.718811087132107e-09	7.537682407733377e-12	9.711273404724374e-09	7.537682407733377e-12	8.113283322438815e-43	4.283730262804247e-37	9.711273404724374e-09	6.060103211046919e-23	0.0	0.0	0.0	9.098447862718987e-63	8.113283322438815e-43	0.0	0.0	0.0	0.0	0.0	0.0	0.0	0.0	0.0	0.0	0.0
815_3140	857_3221	1st	PO	0.9999999820733826	unknown	3694.6747122156125	0.2966914340778928	100.0	0.8394275144778436	0.7466207754911254	0.9999999820733826	7.558069599342786e-52	0.9999999820733826	1.792661748879467e-08	1.7614032295341938e-08	3.125851934527315e-10	1.7614032295341938e-08	1.102998611409481e-37	6.29045919697006e-37	3.125851934527315e-10	1.537288915032248e-22	0.0	0.0	0.0	1.1543916100649108e-56	1.102998611409481e-37	0.0	0.0	0.0	0.0	0.0	0.0	0.0	0.0	0.0	0.0	0.0
261_865	749_2301	1st	PO	0.9999999785977407	unknown	3686.03549907711	5.461845567958216	111.0	0.6880440015827941	0.8088882455605081	0.9999999785977407	2.6051351246529382e-51	0.9999999785977407	2.140225929167291e-08	9.186809976395218e-12	2.1393072481696515e-08	9.186809976395218e-12	1.0642114643496911e-45	1.563560578539604e-39	2.1393072481696515e-08	2.0141516703846159e-22	0.0	0.0	0.0	2.8076041325122617e-67	1.0642114643496911e-45	0.0	0.0	0.0	0.0	0.0	0.0	0.0	0.0	0.0	0.0	0.0
643_1646	783_2731	1st	PO	0.9999999697029646	unknown	3673.955145689287	5.695592540279989	104.0	0.8309663803819605	0.8160665315431599	0.9999999697029646	3.586333274310134e-51	0.9999999697029646	3.029703541787085e-08	2.8272395017637082e-08	2.024640400233767e-09	2.8272395017637082e-08	3.5555032345600845e-39	1.0469850150964378e-37	2.024640400233767e-09	3.4180353764986954e-22	0.0	0.0	0.0	4.359976446201692e-59	3.5555032345600845e-39	0.0	0.0	0.0	0.0	0.0	0.0	0.0	0.0	0.0	0.0	0.0
150_396	944_4229	1st	PO	0.9999999690369935	unknown	3675.585565650153	0.8545610478924957	109.0	0.8367385641152252	0.7210813227972066	0.9999999690369935	1.3010604752839313e-51	0.9999999690369935	3.096300654816791e-08	1.638987192471286e-11	3.0946616676243195e-08	1.638987192471286e-11	1.4641527383411217e-44	1.5449384801555676e-38	3.0946616676243195e-08	3.531252080487753e-22	0.0	0.0	0.0	1.1875092130660241e-65	1.4641527383411217e-44	0.0	0.0	0.0	0.0	0.0	0.0	0.0	0.0	0.0	0.0	0.0
213_726	826_3154	1st	PO	0.9999999664994482	unknown	3672.9674610667353	0.663834403962916	99.0	0.821126514945983	0.7410288662191299	0.9999999664994482	1.3280746408615991e-51	0.9999999664994482	3.350055181335302e-08	4.450172295544366e-11	3.3456050090397574e-08	4.450172295544366e-11	8.167877971233086e-40	1.8593799296836736e-34	3.3456050090397574e-08	3.9808242365303316e-22	0.0	0.0	0.0	1.5460453761010624e-58	8.167877971233086e-40	0.0	0.0	0.0	0.0	0.0	0.0	0.0	0.0	0.0	0.0	0.0
704_1890	788_2806	1st	PO	0.9999999361092035	unknown	3650.7804596258047	0.5823898245429966	116.0	0.7753928050821783	0.7020913610646992	0.9999999361092035	2.15480739048494e-51	0.9999999361092035	6.389079648847603e-08	1.8620571354485288e-11	6.387217591712154e-08	1.8620571354485288e-11	1.7701085713431628e-47	5.222644689878059e-41	6.387217591712154e-08	1.063189080203509e-21	0.0	0.0	0.0	3.3555895550408544e-70	1.7701085713431628e-47	0.0	0.0	0.0	0.0	0.0	0.0	0.0	0.0	0.0	0.0	0.0
565_1501	950_4251	1st	PO	0.9999999280028599	unknown	3646.176794087574	1.582002099455309	112.0	0.7783758221162664	0.7507717034977409	0.9999999280028599	2.925040886141642e-51	0.9999999280028599	7.199714013803922e-08	3.045686745713327e-11	7.196668327058208e-08	3.045686745713327e-11	1.5523548040381933e-45	2.46973325857945e-39	7.196668327058208e-08	1.275240629165024e-21	0.0	0.0	0.0	2.62061299648489e-67	1.5523548040381933e-45	0.0	0.0	0.0	0.0	0.0	0.0	0.0	0.0	0.0	0.0	0.0
374_1150	538_1460	1st	PO	0.9999998995792346	unknown	3635.4181395992523	0.16381432984999833	107.0	0.8400012550976275	0.7402661436592721	0.9999998995792346	2.800214325171374e-51	0.9999998995792346	1.004207653554289e-07	9.888523265724345e-08	1.535532698185454e-09	9.888523265724345e-08	7.534981014377676e-40	5.804387899086514e-39	1.535532698185454e-09	2.115510849560978e-21	0.0	0.0	0.0	1.9907935933806757e-60	7.534981014377676e-40	0.0	0.0	0.0	0.0	0.0	0.0	0.0	0.0	0.0	0.0	0.0
404_1206	547_1473	1st	PO	0.9999998800168117	unknown	3628.98999895583	0.7755011713573907	117.0	0.8264601928534168	0.8475923434173835	0.9999998800168117	3.6625100610866715e-51	0.9999998800168117	1.1998318823887313e-07	1.103414419082168e-07	9.641746330656324e-09	1.103414419082168e-07	4.232603510604026e-44	3.38856008893536e-42	9.641746330656324e-09	2.773696814175599e-21	0.0	0.0	0.0	4.885367143503222e-67	4.232603510604026e-44	0.0	0.0	0.0	0.0	0.0	0.0	0.0	0.0	0.0	0.0	0.0
759_2470	789_2863	1st	PO	0.999999842330004	unknown	3619.9670648104966	0.0	125.0	0.7105318685782566	0.7663254664553889	0.999999842330004	3.838634523446164e-51	0.999999842330004	1.5766999590488153e-07	2.1299191215743045e-11	1.576486967136658e-07	2.1299191215743045e-11	3.0373843207632936e-51	3.366373381580965e-44	1.576486967136658e-07	4.2027341747789364e-21	0.0	0.0	0.0	4.5928411208223654e-76	3.0373843207632936e-51	0.0	0.0	0.0	0.0	0.0	0.0	0.0	0.0	0.0	0.0	0.0
269_901	545_1471	1st	PO	0.999999810304554	unknown	3613.4802243632635	0.24542491249079035	116.0	0.787767773133086	0.7245728748104623	0.999999810304554	4.669080906400992e-51	0.999999810304554	1.8969544611487205e-07	5.907168966243877e-11	1.896363744252096e-07	5.907168966243877e-11	6.505315629343459e-47	1.8020597518404136e-40	1.896363744252096e-07	5.568533523667653e-21	0.0	0.0	0.0	1.3419183568252662e-69	6.505315629343459e-47	0.0	0.0	0.0	0.0	0.0	0.0	0.0	0.0	0.0	0.0	0.0
711_1937	952_4257	1st	PO	0.9999996275352636	unknown	3587.3822848487935	6.0830644702253025	117.0	0.7572657132063404	0.7268979160316091	0.9999996275352636	2.7328429776075077e-50	0.9999996275352636	3.7246473629544463e-07	1.09679711918357e-10	3.723550565835263e-07	1.09679711918357e-10	4.848505816742095e-47	1.5127489775507208e-40	3.723550565835263e-07	1.555532974086232e-20	0.0	0.0	0.0	6.071317922404463e-70	4.848505816742095e-47	0.0	0.0	0.0	0.0	0.0	0.0	0.0	0.0	0.0	0.0	0.0
486_1388	732_2107	1st	PO	0.9999996153012248	unknown	3581.797111593669	15.184246837913946	119.0	0.6977706166634496	0.8433431924091407	0.9999996153012248	1.9461042497149034e-49	0.9999996153012248	3.846987752308519e-07	9.374266864602489e-11	3.8460503256220587e-07	9.374266864602489e-11	5.621605199049037e-48	2.395423828336867e-41	3.8460503256220587e-07	1.6354718601525065e-20	0.0	0.0	0.0	2.3498661115230837e-71	5.621605199049037e-48	0.0	0.0	0.0	0.0	0.0	0.0	0.0	0.0	0.0	0.0	0.0
354_1090	630_1618	1st	PO	0.9999993552844267	unknown	3571.4822591427796	0.0	130.0	0.8541859494229533	0.7687995423901953	0.9999993552844267	1.1457610614785907e-50	0.9999993552844267	6.447155732826983e-07	6.271120344948017e-07	1.7603538787896583e-08	6.271120344948017e-07	7.582257953390978e-49	4.348003059586135e-47	1.7603538787896583e-08	3.582475123987383e-20	0.0	0.0	0.0	8.394234808626822e-75	7.582257953390978e-49	0.0	0.0	0.0	0.0	0.0	0.0	0.0	0.0	0.0	0.0	0.0
759_2470	75_176	1st	PO	0.9999993511640712	unknown	3571.126507917228	0.2776113945009797	135.0	0.6939639939989138	0.7989674610523271	0.9999993511640712	1.221560993982584e-50	0.9999993511640712	6.488359287261107e-07	3.820496801772792e-11	6.487977237580929e-07	3.820496801772792e-11	3.2413716148655127e-55	1.5278208419055962e-47	6.487977237580929e-07	3.617474726776838e-20	0.0	0.0	0.0	2.356814404027271e-82	3.2413716148655127e-55	0.0	0.0	0.0	0.0	0.0	0.0	0.0	0.0	0.0	0.0	0.0
903_3568	952_4257	1st	PO	0.9999992992602423	unknown	3567.948003217718	1.3541921603030111	130.0	0.7520899922127835	0.6462523797403942	0.9999992992602423	1.6308959625112812e-50	0.9999992992602423	7.007397576458865e-07	6.54681230376251e-11	7.006742895228488e-07	6.54681230376251e-11	7.9833203890191e-53	1.745768334559252e-45	7.006742895228488e-07	4.067326161579184e-20	0.0	0.0	0.0	8.881600735496617e-79	7.9833203890191e-53	0.0	0.0	0.0	0.0	0.0	0.0	0.0	0.0	0.0	0.0	0.0
186_591	545_1471	1st	PO	0.9999991145948982	unknown	3560.44925277157	0.22642777292699634	138.0	0.7912564048934234	0.7097368781210667	0.9999991145948982	1.538203396719023e-50	0.9999991145948982	8.85405101867425e-07	4.0364332460622836e-11	8.853647375349643e-07	4.0364332460622836e-11	1.8215035834183644e-56	1.3340520274494194e-48	8.853647375349643e-07	5.805406867418831e-20	0.0	0.0	0.0	2.64781344737753e-84	1.8215035834183644e-56	0.0	0.0	0.0	0.0	0.0	0.0	0.0	0.0	0.0	0.0	0.0
193_614	844_3194	1st	PO	0.999998955328363	unknown	3554.7249565417824	0.2864676931279746	138.0	0.7219155365435578	0.8233949474987848	0.999998955328363	1.7715260585788578e-50	0.999998955328363	1.0446716370130429e-06	4.810232939081909e-11	1.0446235346836519e-06	4.810232939081909e-11	2.219281405271923e-56	1.6100266177675944e-48	1.0446235346836519e-06	7.466982059655658e-20	0.0	0.0	0.0	3.2673168490446516e-84	2.219281405271923e-56	0.0	0.0	0.0	0.0	0.0	0.0	0.0	0.0	0.0	0.0	0.0
617_1588	630_1618	1st	PO	0.9999987782246701	unknown	3547.8894119892752	3.2250159699886005	133.0	0.8699055489054737	0.7234909886594767	0.9999987782246701	3.74030475517302e-50	0.9999987782246701	1.221775329907915e-06	1.2086381383611577e-06	1.313719154675725e-08	1.2086381383611577e-06	8.071124443929593e-50	2.1577247093490567e-48	1.313719154675725e-08	9.479036510240016e-20	0.0	0.0	0.0	1.8254665879758022e-76	8.071124443929593e-50	0.0	0.0	0.0	0.0	0.0	0.0	0.0	0.0	0.0	0.0	0.0
486_1388	753_2386	1st	PO	0.9999978845455811	unknown	3524.4693970937196	12.423533595425639	139.0	0.7074114362193658	0.7902748693086203	0.9999978845455811	4.061498753222255e-49	0.9999978845455811	2.115454418969606e-06	9.176242015043086e-11	2.115362656549456e-06	9.176242015043086e-11	1.6852659728797524e-56	1.381993262687856e-48	2.115362656549456e-06	2.187501619610557e-19	0.0	0.0	0.0	1.4989143848012173e-84	1.6852659728797524e-56	0.0	0.0	0.0	0.0	0.0	0.0	0.0	0.0	0.0	0.0	0.0
193_614	927_4183	1st	PO	0.999996667067572	unknown	3514.8004832760766	0.2519367744499732	145.0	0.7543467957582438	0.8545613771582727	0.999996667067572	4.328993480623701e-50	0.999996667067572	3.3329324280640346e-06	3.2648551361859294e-06	6.807729187810519e-08	3.2648551361859294e-06	1.6988897517494436e-54	1.823742465617017e-52	6.807729187810519e-08	4.363216075193296e-19	0.0	0.0	0.0	6.04462171184907e-84	1.6988897517494436e-54	0.0	0.0	0.0	0.0	0.0	0.0	0.0	0.0	0.0	0.0	0.0
747_2284	759_2470	1st	PO	0.999995038176881	unknown	3500.820641960483	0.822252560827522	134.0	0.779900213625284	0.6680237467079827	0.999995038176881	6.657594336647906e-50	0.999995038176881	4.961823119082372e-06	3.620237109036582e-10	4.961461095371468e-06	3.620237109036582e-10	1.0877973262787405e-53	3.914911922150562e-46	4.961461095371468e-06	7.994490666894212e-19	0.0	0.0	0.0	1.5947048453568956e-80	1.0877973262787405e-53	0.0	0.0	0.0	0.0	0.0	0.0	0.0	0.0	0.0	0.0	0.0
124_273	193_614	2nd	AV	0.9899943187879546	unknown	2151.0998001874946	6.5754327987137025	87.0	0.8711181675285028	0.7195652951831927	2.0592134661180456e-12	7.279938027705714e-48	2.0592134661180456e-12	0.9998825170149158	0.9899943187879546	0.009888198226961088	0.9899943187879546	1.0045249124906376e-21	1.6557099207769285e-21	0.009888198226961088	0.00011748298302498932	0.0	0.0	0.0	3.9374846926861764e-36	1.0045249124906339e-21	0.0	0.0	0.0	0.0	0.0	0.0	0.0	0.0	0.0	0.0	0.0
281_927	865_3267	2nd	AV	0.9853564450957168	unknown	1991.5575032959584	0.0	79.0	0.8620652331165171	0.7334966111808405	1.818940559997222e-14	6.2310851921193914e-49	1.818940559997222e-14	0.9986190137503174	0.9853564450957168	0.013262568654600548	0.9853564450957168	5.348577755062757e-18	7.378165364436343e-18	0.013262568654600541	0.001380986249664376	0.0	0.0	0.0	2.3751319038975532e-30	5.348577755060382e-18	0.0	0.0	0.0	0.0	0.0	0.0	0.0	0.0	0.0	0.0	0.0
691_1817	885_3463	2nd	AV	0.9758616553170191	unknown	1932.1823418855536	0.04698028791099773	108.0	0.841547521076705	0.7553019309933181	3.237716900954235e-15	4.272607963568506e-49	3.237716900954235e-15	0.9966126716849723	0.9758616553170191	0.02075101636795323	0.9758616553170191	2.146172761354455e-30	2.781271336655847e-29	0.02075101636795323	0.0033873283150244885	0.0	0.0	0.0	1.5048967445544766e-49	2.146172761354455e-30	0.0	0.0	0.0	0.0	0.0	0.0	0.0	0.0	0.0	0.0	0.0
363_1103	796_2927	2nd	AV	0.9725533477708848	unknown	1929.8620093545842	5.256612880127008	90.0	0.7626622509764711	0.8343096479987582	3.2603813876188254e-15	1.2976169463568218e-48	3.2603813876188254e-15	0.996623110123234	0.9725533477708848	0.02406976235234929	0.9725533477708848	1.2011665889053468e-22	6.008546203171341e-22	0.02406976235234929	0.0033768898767627164	0.0	0.0	0.0	1.5143023113144318e-37	1.2011665889053454e-22	0.0	0.0	0.0	0.0	0.0	0.0	0.0	0.0	0.0	0.0	0.0
674_1720	788_2806	2nd	AV	0.9717591857994138	unknown	2036.3293758157984	0.16817611828102486	81.0	0.8806421845338939	0.7692485916700181	6.6979031398081e-14	8.647256520762138e-49	6.6979031398081e-14	0.9992995969145058	0.9717591857994138	0.02754041111509203	0.9717591857994138	6.086049646343583e-19	1.9907338680347564e-18	0.027540411115092027	0.0007004030854272599	0.0	0.0	0.0	8.220768603129419e-32	6.086049646342761e-19	0.0	0.0	0.0	0.0	0.0	0.0	0.0	0.0	0.0	0.0	0.0
124_273	927_4183	2nd	AV	0.9706591257232943	unknown	1877.572355234264	3.840627360664996	86.0	0.8641019214552655	0.758008200010691	6.967421968379658e-16	6.776513798650469e-49	6.967421968379658e-16	0.9924959056142453	0.9706591257232943	0.021836779890951043	0.9706591257232943	7.817959890035677e-21	2.7945375901006375e-20	0.021836779890951043	0.007504094385754142	0.0	0.0	0.0	9.82165881614727e-35	7.817959890035579e-21	0.0	0.0	0.0	0.0	0.0	0.0	0.0	0.0	0.0	0.0	0.0
124_273	844_3194	2nd	AV	0.9593836047671687	unknown	1869.6521423711301	0.0	86.0	0.8516657681355726	0.777182984427179	5.233985089585375e-16	2.803256798349875e-49	5.233985089585375e-16	0.9913075821040884	0.9593836047671687	0.031923977336919804	0.9593836047671687	8.090601401692439e-21	4.281870061625919e-20	0.031923977336919804	0.008692417895910963	0.0	0.0	0.0	1.0436063032610653e-34	8.090601401692335e-21	0.0	0.0	0.0	0.0	0.0	0.0	0.0	0.0	0.0	0.0	0.0
589_1539	702_1882	2nd	AV	0.9562967353287624	unknown	1837.8330281722303	4.363086340068008	81.0	0.8594092930786243	0.7744882005296677	2.1996422248404231e-16	5.825603410092961e-49	2.1996422248404231e-16	0.9864338072876189	0.9562967353287624	0.03013707195885656	0.9562967353287624	1.2798518469780157e-18	4.732524079871943e-18	0.030137071958856558	0.013566192712380814	0.0	0.0	0.0	2.673880102431735e-31	1.2798518469777482e-18	0.0	0.0	0.0	0.0	0.0	0.0	0.0	0.0	0.0	0.0	0.0
885_3463	90_210	2nd	AV	0.9386142475742895	unknown	1788.0688585999817	0.22121097543600854	91.0	0.778571925386173	0.8779013447128579	4.8079123905228684e-17	1.6955174253013117e-49	4.8079123905228684e-17	0.9707480459078447	0.9386142475742895	0.03213379833355528	0.9386142475742895	7.631245515899203e-23	5.684742823144335e-22	0.03213379833355528	0.02925195409215536	0.0	0.0	0.0	7.758915106134131e-38	7.631245515899196e-23	0.0	0.0	0.0	0.0	0.0	0.0	0.0	0.0	0.0	0.0	0.0
161_507	674_1720	2nd	AV	0.9342593117127885	unknown	1889.6751326125068	0.0	93.0	0.8134875077246172	0.8098446926432846	9.384359800955447e-16	3.1996775626802924e-49	9.384359800955447e-16	0.9935675354126882	0.9342593117127885	0.05930822369989971	0.9342593117127885	7.029149727917609e-24	1.0881813161540118e-22	0.05930822369989971	0.0064324645873108455	0.0	0.0	0.0	1.9151959187905814e-39	7.029149727917607e-24	0.0	0.0	0.0	0.0	0.0	0.0	0.0	0.0	0.0	0.0	0.0
261_865	374_1150	2nd	AV	0.8982605361871818	unknown	1741.5939196939798	0.0	65.0	0.7967908800658948	0.8730856783325501	1.206381034162066e-17	1.1605624824081148e-49	1.206381034162066e-17	0.9424782296765329	0.8982605362010957	0.04421769347543726	0.8982605361871818	1.3913912837020123e-11	3.0395337235563354e-11	0.04421769344504192	0.057521770323467065	0.0	0.0	0.0	2.2182863288318015e-20	1.391391281483726e-11	0.0	0.0	0.0	0.0	0.0	0.0	0.0	0.0	0.0	0.0	0.0
404_1206	411_1222	2nd	AV	0.8896510892950237	unknown	1896.9587395719182	0.26594026616900024	86.0	0.851046007633541	0.8422385490228117	1.164743609042087e-15	3.555502278495072e-49	1.164743609042087e-15	0.9942469285709451	0.8896510892950237	0.10459583927592153	0.8896510892950237	6.736107743191135e-21	1.2566542942907855e-19	0.10459583927592153	0.005753071429053836	0.0	0.0	0.0	8.167462843088669e-35	6.736107743191053e-21	0.0	0.0	0.0	0.0	0.0	0.0	0.0	0.0	0.0	0.0	0.0
594_1551	846_3196	2nd	AV	0.8559579359105844	unknown	1709.434458972252	0.0	87.0	0.810839044176733	0.8092097625082796	4.5750538433061215e-18	9.090505058706619e-50	4.5750538433061215e-18	0.9096277138997511	0.8559579359105844	0.05366977798916662	0.8559579359105844	5.007084763327629e-21	5.381660352399733e-20	0.05366977798916662	0.09037228610024899	0.0	0.0	0.0	5.367707057610142e-35	5.007084763327575e-21	0.0	0.0	0.0	0.0	0.0	0.0	0.0	0.0	0.0	0.0	0.0
361_1099	695_1844	2nd	AV	0.8372205267138233	unknown	1697.3436473146655	0.0	81.0	0.821118459796702	0.8126991169310103	3.162678453635069e-18	8.254267634111597e-50	3.162678453635069e-18	0.8933959646192163	0.8372205267138233	0.056175437905393026	0.8372205267138233	1.9736345825949433e-18	1.5730227722015208e-17	0.05617543790539301	0.10660403538078368	0.0	0.0	0.0	5.707571384233628e-31	1.9736345825943725e-18	0.0	0.0	0.0	0.0	0.0	0.0	0.0	0.0	0.0	0.0	0.0
608_1569	695_1844	2nd	AV	0.80480679511657	unknown	1718.0151494587758	0.0	65.0	0.8527099574251675	0.9164716285481261	5.935400457828273e-18	9.718347013764008e-50	5.935400457828273e-18	0.9197610430892852	0.8048067951302398	0.11495424795904546	0.80480679511657	1.366970449127611e-11	8.682107730775137e-11	0.11495424787222439	0.08023895691071488	0.0	0.0	0.0	2.297799161666229e-20	1.3669704468298118e-11	0.0	0.0	0.0	0.0	0.0	0.0	0.0	0.0	0.0	0.0	0.0
150_396	672_1710	2nd	AV	0.8036989972116887	unknown	1701.6183667233615	0.0	76.0	0.8802192368961896	0.8429017496566837	3.604893347780302e-18	8.543666183720757e-50	3.604893347780302e-18	0.8994090167309516	0.803698997211689	0.09571001951926271	0.8036989972116887	2.656084183423502e-16	2.76436363660749e-15	0.09571001951925995	0.1005909832690484	0.0	0.0	0.0	1.1585682130132703e-27	2.656084183411916e-16	0.0	0.0	0.0	0.0	0.0	0.0	0.0	0.0	0.0	0.0	0.0
280_925	321_1015	2nd	AV	0.7607490278759662	unknown	1645.2612633912947	0.0	91.0	0.8161540209441724	0.7876534034487959	6.176106099551859e-19	5.217887296490592e-50	6.176106099551859e-19	0.7919636264057578	0.7607490278759662	0.031214598529791682	0.7607490278759662	1.08171840782714e-22	9.775540181772716e-22	0.031214598529791682	0.2080363735942423	0.0	0.0	0.0	1.5161580028391915e-37	1.0817184078271387e-22	0.0	0.0	0.0	0.0	0.0	0.0	0.0	0.0	0.0	0.0	0.0
360_1097	960_4312	2nd	AV	0.7446935318206073	unknown	1641.3874763679657	0.0	71.0	0.7978729079215088	0.8503130897687481	5.450305060731424e-19	5.025105764388355e-50	5.450305060731424e-19	0.782127944250962	0.7446935318206518	0.03743441243031017	0.7446935318206073	4.4394960777167725e-14	1.442848715151685e-13	0.03743441243016588	0.21787205574903795	0.0	0.0	0.0	3.3758937583198885e-24	4.439496077379183e-14	0.0	0.0	0.0	0.0	0.0	0.0	0.0	0.0	0.0	0.0	0.0
354_1090	960_4312	2nd	AV	0.6695940120760034	unknown	1775.641754849788	0.0	77.0	0.9167884985406644	0.9547298114531072	3.320264978285712e-17	1.4820130292871946e-49	3.320264978285712e-17	0.9648453819620149	0.6695940120760036	0.29525136988601136	0.6695940120760034	6.145026524422061e-17	2.502010565534202e-15	0.29525136988600886	0.035154618037985176	0.0	0.0	0.0	1.3167793429481276e-28	6.145026524408893e-17	0.0	0.0	0.0	0.0	0.0	0.0	0.0	0.0	0.0	0.0	0.0
617_1588	960_4312	2nd	AV	0.6501414221300837	unknown	1754.8459720940198	0.0	73.0	0.9199836341569618	0.926856903490355	1.7915252982816596e-17	1.2782055636164725e-49	1.7915252982816596e-17	0.9524444213773157	0.6501414221300872	0.30230299924722853	0.6501414221300837	3.4213588145666715e-15	1.1515760045309678e-13	0.3023029992471134	0.04755557862268423	0.0	0.0	0.0	6.785617238288602e-26	3.4213588144988152e-15	0.0	0.0	0.0	0.0	0.0	0.0	0.0	0.0	0.0	0.0	0.0
538_1460	749_2301	2nd	AV	0.5057051160217341	unknown	1563.962700346811	0.0	75.0	0.8411910797638826	0.7871004757178829	3.869332575702013e-20	2.0452680934770932e-50	3.869332575702013e-20	0.5262356188523268	0.5057051160217348	0.02053050283059201	0.5057051160217341	7.717662882131415e-16	2.605710689654431e-15	0.020530502830589405	0.4737643811476731	0.0	0.0	0.0	7.904691693573189e-27	7.717662882052369e-16	0.0	0.0	0.0	0.0	0.0	0.0	0.0	0.0	0.0	0.0	0.0
138_359	905_3578	2nd	MHS	0.968201719020854	unknown	2161.10620588856	5.19704775764302	93.0	0.8137924215204929	0.7502970241674125	2.7001675542113603e-12	5.767240725752624e-48	2.7001675542113603e-12	0.999898015397714	0.031696296376860014	0.968201719020854	0.031696296376860014	8.089461414340179e-26	5.88621198912467e-22	0.968201719020854	0.00010198459958594515	0.0	0.0	0.0	1.184602281794354e-41	8.089461414340178e-26	0.0	0.0	0.0	0.0	0.0	0.0	0.0	0.0	0.0	0.0	0.0
310_995	450_1322	2nd	MHS	0.9648722408758756	unknown	1977.7598912302133	0.26219512444701465	96.0	0.7544049017335055	0.7996377933159314	1.2225136238894562e-14	6.0274555647000526e-49	1.2225136238894562e-14	0.998301740153767	0.033429499277891406	0.9648722408758756	0.033429499277891406	9.08294395948355e-27	7.62660780512145e-23	0.9648722408758756	0.0016982598462207045	0.0	0.0	0.0	3.961129303735608e-43	9.08294395948355e-27	0.0	0.0	0.0	0.0	0.0	0.0	0.0	0.0	0.0	0.0	0.0
564_1500	827_3155	2nd	MHS	0.940062042350943	unknown	1851.6194688091741	1.915055586667556	94.0	0.7005979966120882	0.7294691456182574	3.1776990682070285e-16	3.7623346108440216e-49	3.1776990682070285e-16	0.9887649717705749	0.048702929419631835	0.940062042350943	0.048702929419631835	1.5650813781274346e-25	7.8567668332487415e-22	0.940062042350943	0.011235028229424812	0.0	0.0	0.0	2.682531409900821e-41	1.5650813781274344e-25	0.0	0.0	0.0	0.0	0.0	0.0	0.0	0.0	0.0	0.0	0.0
183_582	303_971	2nd	MHS	0.9400458401202236	unknown	2252.517921367899	3.4727043524082006	84.0	0.7527463931744173	0.6751139481649235	3.748538863114555e-11	7.192545062428469e-48	3.748538863114555e-11	0.9999741432534842	0.059928303133260606	0.9400458401202236	0.059928303133260606	8.1184723911911005e-22	1.7339606958658481e-18	0.9400458401202236	2.585670903047268e-05	0.0	0.0	0.0	1.3076508859751703e-35	8.11847239119097e-22	0.0	0.0	0.0	0.0	0.0	0.0	0.0	0.0	0.0	0.0	0.0
880_3422	947_4240	2nd	MHS	0.9397505527719839	unknown	1803.3602645650851	0.0	98.0	0.6750322829210089	0.7770326740515455	7.517956474516786e-17	1.7958548477813304e-49	7.517956474516786e-17	0.9766191191825719	0.03686856641058805	0.9397505527719839	0.03686856641058805	2.7265773365748582e-27	2.319637521778202e-23	0.9397505527719839	0.023380880817428056	0.0	0.0	0.0	5.921147924803776e-44	2.7265773365748582e-27	0.0	0.0	0.0	0.0	0.0	0.0	0.0	0.0	0.0	0.0	0.0
161_507	788_2806	2nd	MHS	0.9388105385610129	unknown	2140.699694360144	0.0	86.0	0.8092215238780228	0.7712950177599698	1.38590656286464e-12	1.6428737791844076e-48	1.38590656286464e-12	0.9998556673277933	0.061045128766780345	0.9388105385610129	0.061045128766780345	1.7847904124415656e-22	4.2663425724245493e-19	0.9388105385610129	0.0001443326708208045	0.0	0.0	0.0	1.2529265213365934e-36	1.7847904124415531e-22	0.0	0.0	0.0	0.0	0.0	0.0	0.0	0.0	0.0	0.0	0.0
519_1428	930_4198	2nd	MHS	0.9366886852452495	unknown	2070.4473726805286	0.0	87.0	0.7842300774105854	0.7476663701244384	1.8005525754766668e-13	1.0409032024054731e-48	1.8005525754766668e-13	0.999581679646995	0.06289299440174545	0.9366886852452495	0.06289299440174545	8.973940566480171e-23	2.2219233500301817e-19	0.9366886852452495	0.0004183203528249779	0.0	0.0	0.0	4.2782995456904085e-37	8.973940566480129e-23	0.0	0.0	0.0	0.0	0.0	0.0	0.0	0.0	0.0	0.0	0.0
490_1396	880_3422	2nd	MHS	0.9307796830490963	unknown	1798.8063613589445	0.0	96.0	0.7885995544806409	0.6731527396593033	6.575505310868262e-17	1.7406316209940667e-49	6.575505310868262e-17	0.9749907299441845	0.04421104689508817	0.9307796830490963	0.04421104689508817	2.4199845272416433e-26	1.5048614255232031e-22	0.9307796830490963	0.02500927005581552	0.0	0.0	0.0	1.5779916412897656e-42	2.419984527241643e-26	0.0	0.0	0.0	0.0	0.0	0.0	0.0	0.0	0.0	0.0	0.0
326_1022	533_1454	2nd	MHS	0.9060941097248404	unknown	1804.5689135038554	9.975709027472888	90.0	0.7771551987411944	0.7597483200107882	8.996561569623673e-17	1.5664515082498357e-48	8.996561569623673e-17	0.9786210673493495	0.07252695762450906	0.9060941097248404	0.07252695762450906	1.4349639310913923e-23	3.6607074851918645e-20	0.9060941097248404	0.021378932650650335	0.0	0.0	0.0	2.371297372352728e-38	1.43496393109139e-23	0.0	0.0	0.0	0.0	0.0	0.0	0.0	0.0	0.0	0.0	0.0
524_1436	557_1492	2nd	MHS	0.8813283396715591	unknown	1787.0463007138549	0.0	88.0	0.6978820291550272	0.7946511440073226	4.650147600254637e-17	1.6048572579572664e-49	4.650147600254637e-17	0.9702580458594503	0.08892970618789128	0.8813283396715591	0.08892970618789128	1.4244671671962583e-22	2.5559993253148453e-19	0.8813283396715591	0.029741954140549674	0.0	0.0	0.0	7.4416244127865556e-37	1.4244671671962508e-22	0.0	0.0	0.0	0.0	0.0	0.0	0.0	0.0	0.0	0.0	0.0
367_1123	647_1651	2nd	MHS	0.8777363901263711	unknown	1811.6577408520009	0.8392423772099846	86.0	0.7923298887291674	0.7045289215600185	9.710209648189387e-17	2.2787456896441312e-49	9.710209648189387e-17	0.9794485123799023	0.1017121222535312	0.8777363901263711	0.1017121222535312	1.0724359775527849e-21	1.4790966480563813e-18	0.8777363901263711	0.020551487620097564	0.0	0.0	0.0	1.5726866039256696e-35	1.072435977552769e-21	0.0	0.0	0.0	0.0	0.0	0.0	0.0	0.0	0.0	0.0	0.0
551_1481	771_2636	2nd	MHS	0.8669812885221398	unknown	1731.4939140071176	0.45418109712800714	92.0	0.7328050926020956	0.7131613576951441	8.971738886248653e-18	1.1879748830792557e-49	8.971738886248653e-18	0.933804703444941	0.06682341492280132	0.8669812885221398	0.06682341492280132	2.511143057480356e-24	7.573415803646003e-21	0.8669812885221398	0.06619529655505893	0.0	0.0	0.0	1.680609544385886e-39	2.511143057480354e-24	0.0	0.0	0.0	0.0	0.0	0.0	0.0	0.0	0.0	0.0	0.0
841_3171	865_3267	2nd	MHS	0.8638683585986319	unknown	1821.131653643528	0.7285572652729968	84.0	0.790025075494237	0.7403671561709545	1.280092727699565e-16	2.3725037723239324e-49	1.280092727699565e-16	0.9821332215872755	0.11826486298864364	0.8638683585986319	0.11826486298864364	8.740834500479562e-21	9.01960711144817e-18	0.8638683585986319	0.01786677841272448	0.0	0.0	0.0	3.7304505808109547e-34	8.740834500479188e-21	0.0	0.0	0.0	0.0	0.0	0.0	0.0	0.0	0.0	0.0	0.0
638_1638	740_2214	2nd	MHS	0.8379576299846898	unknown	1756.187003692332	3.9900310877032155	85.0	0.7714373506098928	0.7176477146157858	1.97640154569296e-17	3.061246640962043e-49	1.97640154569296e-17	0.9546419265052405	0.11668429652055073	0.8379576299846898	0.11668429652055073	4.0701439381150774e-21	4.413243684184585e-18	0.8379576299846898	0.04535807349475955	0.0	0.0	0.0	1.1572163712305747e-34	4.0701439381149615e-21	0.0	0.0	0.0	0.0	0.0	0.0	0.0	0.0	0.0	0.0	0.0
507_1416	915_3632	2nd	MHS	0.8068675743355203	unknown	1708.844093448549	0.4745416702140002	87.0	0.7269278364045527	0.7399853001680275	4.52559676102618e-18	1.0028835116323051e-49	4.52559676102618e-18	0.9091778437121603	0.10231026937664008	0.8068675743355203	0.10231026937664008	5.987538763530228e-22	8.094492140236569e-19	0.8068675743355203	0.09082215628783985	0.0	0.0	0.0	6.420444645685392e-36	5.987538763530164e-22	0.0	0.0	0.0	0.0	0.0	0.0	0.0	0.0	0.0	0.0	0.0
859_3225	936_4213	2nd	MHS	0.8014302961416201	unknown	1704.7177909861823	0.364889516641	87.0	0.7173194451443994	0.7454082788109028	3.98449568505966e-18	9.478800094521519e-50	3.98449568505966e-18	0.9038117814393355	0.10238148529771546	0.8014302961416201	0.10238148529771546	6.0917247654772045e-22	8.177092388309553e-19	0.8014302961416201	0.09618821856066447	0.0	0.0	0.0	6.594566544984785e-36	6.091724765477139e-22	0.0	0.0	0.0	0.0	0.0	0.0	0.0	0.0	0.0	0.0	0.0
859_3225	901_3564	2nd	MHS	0.7838424031988386	unknown	1697.663231717537	1.313794288966946	86.0	0.7198880649501543	0.8160982234581636	3.2575968744504964e-18	1.1004303827326605e-49	3.2575968744504964e-18	0.894768025821116	0.11092562262227755	0.7838424031988386	0.11092562262227755	1.822675418622449e-21	2.0783683014571104e-18	0.7838424031988386	0.10523197417888404	0.0	0.0	0.0	3.4485740240431046e-35	1.822675418622415e-21	0.0	0.0	0.0	0.0	0.0	0.0	0.0	0.0	0.0	0.0	0.0
432_1290	937_4214	2nd	MHS	0.7448748074553001	unknown	1659.4966512893832	4.550981331517022	89.0	0.7998859391922165	0.7938553882039091	1.0444664306460196e-18	1.603955204156007e-49	1.0444664306460196e-18	0.8300385779300419	0.0851637704747419	0.7448748074553001	0.0851637704747419	8.18148592835677e-23	1.3919790707660072e-19	0.7448748074553001	0.16996142206995815	0.0	0.0	0.0	3.2674904024417178e-37	8.181485928356738e-23	0.0	0.0	0.0	0.0	0.0	0.0	0.0	0.0	0.0	0.0	0.0
576_1519	90_210	2nd	MHS	0.707470516053113	unknown	1659.3030758456232	0.22121097543600854	85.0	0.6895648454822871	0.8333481342865681	9.705354713674202e-19	6.246567363649745e-50	9.705354713674202e-19	0.825083498249134	0.11761298219602108	0.707470516053113	0.11761298219602108	6.07983439306433e-21	5.569186404861136e-18	0.707470516053113	0.174916501750866	0.0	0.0	0.0	2.166770837888946e-34	6.079834393064113e-21	0.0	0.0	0.0	0.0	0.0	0.0	0.0	0.0	0.0	0.0	0.0
576_1519	691_1817	2nd	MHS	0.7026183300028205	unknown	1679.6250008252096	0.22219482186899597	81.0	0.7854859868888763	0.8008333432370591	1.8364760584199695e-18	7.47557453407289e-50	1.8364760584199695e-18	0.8651900093453624	0.16257167934254166	0.7026183300028206	0.16257167934254166	4.1036348615438197e-19	2.1098403525033376e-16	0.7026183300028205	0.13480999065463767	0.0	0.0	0.0	1.2342663252990717e-31	4.103634861542586e-19	0.0	0.0	0.0	0.0	0.0	0.0	0.0	0.0	0.0	0.0	0.0
196_640	906_3581	2nd	MHS	0.6683682797663812	unknown	1655.2204719896818	0.0	82.0	0.7184154468472601	0.7592052833170608	8.495503322854106e-19	5.733460139250835e-50	8.495503322854106e-19	0.8157321436329735	0.14736386386659223	0.6683682797663814	0.14736386386659223	1.5188631421226653e-19	8.731323464094481e-17	0.6683682797663812	0.1842678563670265	0.0	0.0	0.0	2.800480426539742e-32	1.5188631421223853e-19	0.0	0.0	0.0	0.0	0.0	0.0	0.0	0.0	0.0	0.0	0.0
198_653	941_4224	2nd	MHS	0.6027548394427429	unknown	1607.5729563002092	2.058281530024111	88.0	0.756383435265289	0.7964872805582728	1.843264817229246e-19	5.520369666740292e-50	1.843264817229246e-19	0.6858731928923804	0.0831183534496375	0.6027548394427429	0.0831183534496375	2.6633685003907882e-22	3.550006023983519e-19	0.6027548394427429	0.31412680710761964	0.0	0.0	0.0	2.0720059540828423e-36	2.6633685003907675e-22	0.0	0.0	0.0	0.0	0.0	0.0	0.0	0.0	0.0	0.0	0.0
607_1568	86_206	2nd	MHS	0.5709185879317733	unknown	1592.8329772179204	0.07875959519999753	91.0	0.7881941255172189	0.7986346114948568	1.0769749767728387e-19	3.016022204524478e-50	1.0769749767728387e-19	0.6325179273686081	0.06159933943683486	0.5709185879317733	0.06159933943683486	1.0747373861146043e-23	2.2036338598679704e-20	0.5709185879317733	0.36748207263139193	0.0	0.0	0.0	1.6941934032480551e-38	1.0747373861146027e-23	0.0	0.0	0.0	0.0	0.0	0.0	0.0	0.0	0.0	0.0	0.0
886_3478	900_3563	2nd	MHS	0.5028827041420878	unknown	1601.44115376148	0.6080343635816803	79.0	0.7962225197502009	0.7731455874442735	1.4608711732512082e-19	3.7490426975641747e-50	1.4608711732512082e-19	0.6631455910689725	0.16026288692688334	0.5028827041420891	0.16026288692688334	3.98653066567688e-18	1.3251211806954835e-15	0.5028827041420878	0.3368544089310274	0.0	0.0	0.0	4.243632303930985e-30	3.986530665672637e-18	0.0	0.0	0.0	0.0	0.0	0.0	0.0	0.0	0.0	0.0	0.0
